{"type":"FeatureCollection","name":"Climate FieldView operation fields","operation_id":"6e258a6a-b061-4ae6-94ec-e6dda4e1d9ab","bbox":[-121.6585529,38.105396,-121.0188611,38.3635485],"features":[{"type":"Feature","id":"373b9619-6ecb-4f91-ab84-3049186b0377","properties":{"field_id":"373b9619-6ecb-4f91-ab84-3049186b0377","legacy_id":43113781,"name":"Smith B1 ME","farm_id":"9dbbdcf6-835a-41ba-90f1-20a103c0c2a8","farm_name":"Clements","area_value":9.15,"area_unit":"hectare","centroid":[-121.08003549196803,38.15665305953097]},"geometry":{"type":"Polygon","coordinates":[[[-121.0781286,38.158091],[-121.0781014,38.1562922],[-121.0780742,38.1562712],[-121.0780732,38.1561172],[-121.0780474,38.1560954],[-121.0780436,38.1560726],[-121.0780364,38.155502],[-121.078056,38.155452],[-121.0810082,38.1554028],[-121.0810202,38.1558022],[-121.0813182,38.1557956],[-121.0813184,38.1557768],[-121.0814028,38.1557734],[-121.0814018,38.1557506],[-121.0815678,38.1556618],[-121.0816234,38.155618],[-121.0816698,38.1556066],[-121.0816904,38.15557],[-121.0819834,38.1555668],[-121.081981,38.1555448],[-121.082006,38.155524],[-121.082006,38.1555024],[-121.0819778,38.1554804],[-121.0819794,38.155456],[-121.0818124,38.1554574],[-121.0818098,38.155392],[-121.0821818,38.1553868],[-121.0821786,38.155429],[-121.0821964,38.155452],[-121.0822022,38.1558262],[-121.0821292,38.1558702],[-121.0821748,38.1559132],[-121.0821946,38.1568562],[-121.0821694,38.1568798],[-121.0821774,38.1572294],[-121.0819802,38.1572316],[-121.081984,38.1573204],[-121.082176,38.1573186],[-121.082181,38.1576916],[-121.0821556,38.1577166],[-121.0820444,38.1577618],[-121.0819574,38.1577612],[-121.081961,38.157783],[-121.0818772,38.1577848],[-121.0818806,38.1578054],[-121.0817958,38.1578076],[-121.0817978,38.1578292],[-121.0816552,38.1578322],[-121.081657,38.157854],[-121.0814344,38.1578556],[-121.081433,38.1578346],[-121.0812958,38.1578382],[-121.0812956,38.1578166],[-121.0812412,38.1577518],[-121.081072,38.1576868],[-121.0810732,38.1576454],[-121.0809888,38.1576452],[-121.0809886,38.1576252],[-121.0808088,38.157494],[-121.0807532,38.1574754],[-121.0805834,38.1573676],[-121.080386,38.157282],[-121.0803306,38.157239],[-121.0800226,38.1570894],[-121.0800226,38.1570678],[-121.0799484,38.1570692],[-121.079948,38.157047],[-121.079723,38.1570504],[-121.079724,38.15716],[-121.079789,38.1572034],[-121.0798764,38.1573128],[-121.0799506,38.1573764],[-121.0801576,38.157639],[-121.0801644,38.1577284],[-121.0801824,38.1577504],[-121.0801922,38.1578152],[-121.0801926,38.1579484],[-121.0801622,38.1579708],[-121.0798768,38.1579752],[-121.0798796,38.1579964],[-121.079351,38.1580086],[-121.0793534,38.1580292],[-121.079047,38.158033],[-121.0790494,38.1580548],[-121.0787106,38.1580592],[-121.0787134,38.1580808],[-121.0781286,38.158091]],[[-121.0795372,38.1571018],[-121.0793626,38.1571018],[-121.0793634,38.1571252],[-121.0793438,38.1571492],[-121.079362,38.157214],[-121.079539,38.1572114],[-121.0795548,38.1571658],[-121.0795372,38.1571018]],[[-121.0814346,38.1558188],[-121.0814352,38.1557944],[-121.0812856,38.155798],[-121.0812648,38.1558646],[-121.0812894,38.1559082],[-121.0814324,38.1559066],[-121.0814618,38.1558412],[-121.0814346,38.1558188]]]}},{"type":"Feature","id":"ab2f7155-a27e-4aa9-b92e-66453fd7bc52","properties":{"field_id":"ab2f7155-a27e-4aa9-b92e-66453fd7bc52","legacy_id":43628313,"name":"Baum Victor","farm_id":"99ec1271-04c9-4b00-b215-e6e0d8929277","farm_name":"Clements","area_value":11.45,"area_unit":"hectare","centroid":[-121.22350763754774,38.13452663764504]},"geometry":{"type":"MultiPolygon","coordinates":[[[[-121.2225068,38.134468],[-121.2225614,38.134466],[-121.2225598,38.1344404],[-121.222611,38.1344388],[-121.2226094,38.1344126],[-121.2226722,38.1344122],[-121.2226712,38.1343856],[-121.222734,38.1343858],[-121.2227326,38.134358],[-121.222795,38.134358],[-121.2227944,38.1343308],[-121.2228544,38.1343298],[-121.222853,38.1343036],[-121.2230574,38.1343026],[-121.2230556,38.1343558],[-121.2232632,38.1343498],[-121.2232632,38.134327],[-121.223286,38.1342988],[-121.223578,38.1342964],[-121.223578,38.1343206],[-121.2239244,38.1343198],[-121.2239496,38.1343462],[-121.2239502,38.1343714],[-121.2246152,38.1343736],[-121.2246454,38.1359376],[-121.2246358,38.1360484],[-121.2246458,38.136075],[-121.2246134,38.1361028],[-121.2246136,38.1361576],[-121.224589,38.1361836],[-121.224637,38.1362106],[-121.2246494,38.1362394],[-121.2246586,38.136843],[-121.2246004,38.136898],[-121.2246452,38.1369256],[-121.2246594,38.1369526],[-121.2246652,38.137611],[-121.2246408,38.1376386],[-121.2225734,38.1376554],[-121.222563,38.1376004],[-121.2225068,38.134468]]],[[[-121.2235898,38.1342486],[-121.2227851,38.1342443],[-121.2227851,38.1341135],[-121.2227422,38.1340587],[-121.2226832,38.132219],[-121.2226939,38.1306957],[-121.2240833,38.1306999],[-121.2241477,38.1338899],[-121.223579,38.1339026],[-121.2235898,38.1342486]]]]}},{"type":"Feature","id":"64e4e3de-2f9d-40d3-97c0-c829443e5985","properties":{"field_id":"64e4e3de-2f9d-40d3-97c0-c829443e5985","legacy_id":43663930,"name":"Jahant Woods 2 B3","farm_id":"5edddc90-fa36-43b9-9b63-46b4efd17c7c","farm_name":"Lodi","area_value":11.68,"area_unit":"hectare","centroid":[-121.28461303365634,38.20473843043382]},"geometry":{"type":"Polygon","coordinates":[[[-121.2812465,38.2055227],[-121.2818313,38.2054005],[-121.2819546,38.2051518],[-121.2824696,38.2051434],[-121.2824589,38.2049115],[-121.2818581,38.2049284],[-121.2816489,38.2047555],[-121.281547,38.2045701],[-121.2813914,38.2044858],[-121.2812465,38.2044858],[-121.2812036,38.2038703],[-121.2849319,38.2037607],[-121.2849051,38.2038787],[-121.2847012,38.2039293],[-121.2847066,38.2040136],[-121.2848568,38.2040263],[-121.2850124,38.2039799],[-121.2852108,38.2039715],[-121.2853396,38.2040516],[-121.285581,38.2041485],[-121.285699,38.2040853],[-121.2854201,38.203942],[-121.2854147,38.2037438],[-121.28645,38.203689],[-121.2881935,38.20363],[-121.2882525,38.2036975],[-121.2882847,38.203786],[-121.288408,38.2039673],[-121.2884831,38.2042497],[-121.2884724,38.2043551],[-121.2883329,38.2044267],[-121.288172,38.2044057],[-121.2878984,38.2044225],[-121.2877375,38.2044731],[-121.2875819,38.2045448],[-121.2873888,38.2047935],[-121.2873083,38.2049242],[-121.2871689,38.2050928],[-121.2870347,38.2053246],[-121.2869865,38.205489],[-121.2869704,38.205763],[-121.2868899,38.2058895],[-121.2868363,38.2059232],[-121.2864339,38.2059401],[-121.2858438,38.2059316],[-121.2857205,38.2059106],[-121.2856132,38.2059527],[-121.2854737,38.2059653],[-121.2852162,38.2058895],[-121.2851036,38.2058473],[-121.2849694,38.2057672],[-121.2847763,38.2052909],[-121.2845778,38.2051391],[-121.2843364,38.2050591],[-121.2841219,38.2050591],[-121.2839878,38.2050843],[-121.2838,38.2052277],[-121.2836069,38.2053162],[-121.283505,38.2054089],[-121.2832367,38.2056028],[-121.2829792,38.205704],[-121.282534,38.2059401],[-121.2824321,38.2060075],[-121.2821263,38.2061466],[-121.2820512,38.2062225],[-121.2818259,38.2062899],[-121.2816006,38.2063279],[-121.2815416,38.2063658],[-121.2814236,38.2063574],[-121.2812412,38.2062941],[-121.2812465,38.2055227]]]}},{"type":"Feature","id":"4b9f981d-a808-47de-8634-7bdf4ce3585e","properties":{"field_id":"4b9f981d-a808-47de-8634-7bdf4ce3585e","legacy_id":43749573,"name":"Craig CH and CS","farm_id":"f70b6470-538f-41d5-a69f-dfbaa6cc2735","farm_name":"Clements","area_value":45.37,"area_unit":"hectare","centroid":[-121.06218415179072,38.20196708536045]},"geometry":{"type":"MultiPolygon","coordinates":[[[[-121.0635029,38.200521],[-121.0627437,38.2007419],[-121.0625867,38.2006108],[-121.0625387,38.2006246],[-121.0623543,38.2005449],[-121.0622857,38.2005675],[-121.062208,38.2005258],[-121.0616423,38.2007055],[-121.0616862,38.2008194],[-121.0618168,38.2009896],[-121.0619052,38.2011721],[-121.0619411,38.2013097],[-121.0618989,38.2013299],[-121.0619473,38.2014723],[-121.0619008,38.2014931],[-121.0619041,38.2015159],[-121.0618341,38.2015389],[-121.0618355,38.2015633],[-121.0617401,38.2015939],[-121.0617387,38.2016185],[-121.0613015,38.2017611],[-121.0612786,38.2017447],[-121.0611547,38.2017828],[-121.0611249,38.2017252],[-121.06094,38.2017845],[-121.0609608,38.2018321],[-121.0609966,38.201848],[-121.0610443,38.2019788],[-121.0609706,38.2021011],[-121.0609225,38.2021182],[-121.0609248,38.2021423],[-121.0608523,38.2021654],[-121.060853,38.2021891],[-121.0608037,38.2022043],[-121.060808,38.2022275],[-121.060763,38.2022436],[-121.0607672,38.2022635],[-121.0607229,38.2022805],[-121.0607242,38.2023032],[-121.0606729,38.2023192],[-121.060675,38.202341],[-121.060604,38.2023643],[-121.0606079,38.2023863],[-121.0605623,38.2024017],[-121.0605636,38.2024265],[-121.0605175,38.2024398],[-121.060519,38.2024634],[-121.0604731,38.2024784],[-121.0604783,38.2024973],[-121.0604356,38.2025136],[-121.0604389,38.2025355],[-121.0603655,38.2025595],[-121.0603683,38.2025821],[-121.0603211,38.2025983],[-121.0603235,38.2026193],[-121.0602725,38.2026366],[-121.0602763,38.2026591],[-121.0602356,38.202673],[-121.0602385,38.2026957],[-121.0601921,38.2027108],[-121.0601949,38.2027339],[-121.0601411,38.2027513],[-121.0601415,38.2027745],[-121.0600728,38.2027972],[-121.0600763,38.2028185],[-121.0600339,38.2028335],[-121.0600366,38.202857],[-121.0599666,38.2028789],[-121.0599672,38.2029016],[-121.059895,38.2029252],[-121.0598962,38.202948],[-121.0598251,38.2029717],[-121.0598304,38.2029929],[-121.0597855,38.2030096],[-121.0597907,38.2030275],[-121.059662,38.2032361],[-121.0596139,38.2032543],[-121.0596144,38.2032773],[-121.0595664,38.2032932],[-121.0595672,38.2033144],[-121.0595019,38.2033365],[-121.059507,38.2033561],[-121.0594564,38.2033753],[-121.0594582,38.2033982],[-121.0593859,38.2034206],[-121.0593872,38.2034445],[-121.0592928,38.2034736],[-121.0592921,38.2034996],[-121.0588832,38.2036316],[-121.0588807,38.2036556],[-121.0575856,38.2040751],[-121.0575248,38.204039],[-121.0564235,38.2031205],[-121.0563849,38.2030642],[-121.0556367,38.2023835],[-121.0556049,38.2022934],[-121.055664,38.2020084],[-121.0558601,38.2015156],[-121.0613149,38.1997498],[-121.0613317,38.1997541],[-121.0613584,38.1998076],[-121.0615124,38.1997567],[-121.0615251,38.1996811],[-121.0629658,38.1992144],[-121.0629835,38.1992221],[-121.0630129,38.1993124],[-121.0629909,38.1993268],[-121.0631456,38.1997356],[-121.0631507,38.1997465],[-121.0632064,38.1997408],[-121.0635029,38.200521]],[[-121.0563568,38.2020639],[-121.0563293,38.2019922],[-121.0562892,38.201985],[-121.056274,38.2019481],[-121.0561159,38.2019985],[-121.0561667,38.2021261],[-121.0563568,38.2020639]],[[-121.0563878,38.2027184],[-121.0563476,38.2026137],[-121.0561651,38.2026709],[-121.056191,38.2027419],[-121.0562308,38.2027713],[-121.0563878,38.2027184]]],[[[-121.0677626,38.2013365],[-121.0677228,38.202272],[-121.0677024,38.2023045],[-121.0675119,38.2023663],[-121.0674932,38.2023483],[-121.0674548,38.2023606],[-121.0674343,38.2023464],[-121.0673636,38.2023694],[-121.067345,38.2023517],[-121.0672792,38.2023742],[-121.0672588,38.2023534],[-121.0671934,38.202376],[-121.0671746,38.2023583],[-121.0671074,38.2023796],[-121.067088,38.2023614],[-121.0670219,38.2023835],[-121.0670028,38.2023672],[-121.0666103,38.2024934],[-121.0666104,38.2025171],[-121.0663877,38.2025896],[-121.0663878,38.2026135],[-121.0661918,38.2026792],[-121.0661942,38.2026998],[-121.0661479,38.2027161],[-121.0661533,38.2027359],[-121.066131,38.2027676],[-121.0660995,38.2027784],[-121.0661049,38.2027972],[-121.0660544,38.2028633],[-121.0660079,38.2028786],[-121.0660133,38.2028983],[-121.0659639,38.2029176],[-121.0659657,38.2029404],[-121.0659203,38.2029543],[-121.0659253,38.2029749],[-121.0658777,38.2029924],[-121.0658806,38.2030146],[-121.0658308,38.2030295],[-121.0658388,38.2030492],[-121.0657662,38.2031653],[-121.0657234,38.2031821],[-121.0657294,38.2032012],[-121.0656853,38.2032657],[-121.0656648,38.2032739],[-121.065667,38.2032937],[-121.065619,38.2033114],[-121.0656249,38.203331],[-121.0654798,38.2035677],[-121.0654239,38.2035875],[-121.0654298,38.2036062],[-121.0653792,38.2036938],[-121.0653421,38.2037308],[-121.0652201,38.2039315],[-121.0652608,38.2040271],[-121.065414,38.2041578],[-121.0656621,38.2040782],[-121.0656785,38.2040833],[-121.065676,38.2040966],[-121.0632391,38.2048869],[-121.0631821,38.2048257],[-121.0629346,38.2046256],[-121.0626125,38.2044944],[-121.0626001,38.2044782],[-121.062529,38.2045014],[-121.0625103,38.2044841],[-121.0624436,38.2045046],[-121.0624255,38.2044886],[-121.06236,38.2045092],[-121.0623411,38.2044911],[-121.062275,38.204513],[-121.0622561,38.2044946],[-121.0621888,38.2045152],[-121.0621701,38.2044992],[-121.0620545,38.2045375],[-121.0620347,38.204522],[-121.061942,38.204551],[-121.061924,38.2045329],[-121.0618297,38.2045635],[-121.0618102,38.2045465],[-121.0617409,38.2045668],[-121.0617249,38.2045475],[-121.0616331,38.2045781],[-121.0616138,38.2045603],[-121.0615243,38.2045883],[-121.0615049,38.204572],[-121.0613374,38.204627],[-121.0613173,38.204611],[-121.0612259,38.204638],[-121.0612092,38.2046208],[-121.0611169,38.2046517],[-121.0610946,38.2046341],[-121.0610056,38.2046628],[-121.0609856,38.2046472],[-121.0608917,38.2046777],[-121.0608726,38.2046606],[-121.0604289,38.2048055],[-121.0604332,38.2048247],[-121.0603839,38.2048439],[-121.0603866,38.2048648],[-121.0603412,38.2048801],[-121.060344,38.2049018],[-121.060297,38.2049184],[-121.0602998,38.2049404],[-121.0602537,38.2049558],[-121.0602564,38.2049772],[-121.060185,38.2050011],[-121.0601905,38.2050205],[-121.0601422,38.2050395],[-121.0601454,38.2050612],[-121.0600734,38.2050856],[-121.060075,38.2051064],[-121.0600272,38.2051221],[-121.060031,38.205144],[-121.0599842,38.2051592],[-121.0599866,38.2051808],[-121.0599404,38.2051967],[-121.0599442,38.2052196],[-121.0598976,38.2052357],[-121.059901,38.205258],[-121.059854,38.2052727],[-121.0598566,38.2052968],[-121.0598109,38.2053099],[-121.0598118,38.2053316],[-121.0597645,38.2053473],[-121.0597703,38.2053707],[-121.0597215,38.2053865],[-121.0597277,38.2054087],[-121.0596791,38.2054262],[-121.059681,38.2054476],[-121.0595848,38.2054791],[-121.0595942,38.2055228],[-121.059378,38.2055939],[-121.0578497,38.2043354],[-121.057642,38.2041398],[-121.057641,38.2041098],[-121.0576794,38.204094],[-121.0576804,38.2040697],[-121.0588853,38.2036706],[-121.0589078,38.2036862],[-121.0590628,38.2036334],[-121.059302,38.2037024],[-121.0595934,38.2037499],[-121.0596086,38.2037681],[-121.0598453,38.20369],[-121.0598425,38.2036692],[-121.0598894,38.2036516],[-121.0598883,38.2036298],[-121.0599348,38.2036141],[-121.0599298,38.2035944],[-121.0599758,38.2035768],[-121.0599735,38.203556],[-121.0600209,38.2035398],[-121.0600171,38.2035164],[-121.0600651,38.2035003],[-121.0600627,38.2034792],[-121.0601084,38.2034635],[-121.0601053,38.2034414],[-121.0601503,38.2034254],[-121.0601477,38.2034038],[-121.0601962,38.2033875],[-121.0601927,38.2033654],[-121.0602388,38.2033499],[-121.0602381,38.203327],[-121.0602826,38.2033129],[-121.060281,38.2032902],[-121.0603264,38.203276],[-121.0603233,38.2032532],[-121.0603696,38.2032386],[-121.0603652,38.2032195],[-121.0604129,38.2032025],[-121.0604122,38.2031812],[-121.0604592,38.2031667],[-121.0604535,38.2031427],[-121.0605014,38.2031258],[-121.0605003,38.2031026],[-121.0605461,38.203088],[-121.0605438,38.203064],[-121.0605893,38.2030497],[-121.0605851,38.2030256],[-121.0606314,38.2030107],[-121.0606269,38.2029905],[-121.0606752,38.2029726],[-121.0606745,38.202951],[-121.0607182,38.2029363],[-121.0607155,38.2029145],[-121.0607631,38.2028988],[-121.0607597,38.202878],[-121.0608061,38.202862],[-121.0608021,38.2028398],[-121.0608495,38.2028235],[-121.0608455,38.2028035],[-121.0608938,38.2027856],[-121.0608925,38.202763],[-121.0609373,38.2027484],[-121.0609351,38.2027265],[-121.0609834,38.2027113],[-121.0609776,38.2026914],[-121.0610243,38.2026732],[-121.0610209,38.202651],[-121.0610931,38.2026264],[-121.0610901,38.202605],[-121.0611384,38.2025884],[-121.0611351,38.2025666],[-121.0611798,38.202551],[-121.0611771,38.2025304],[-121.0612263,38.2025135],[-121.0612237,38.2024926],[-121.061268,38.2024774],[-121.0612655,38.2024574],[-121.0613123,38.2024402],[-121.0613085,38.2024182],[-121.0613538,38.2024011],[-121.0613507,38.2023795],[-121.0614248,38.2023552],[-121.0614198,38.2023366],[-121.0614674,38.2023181],[-121.0614657,38.2022977],[-121.0615402,38.2022736],[-121.0615369,38.2022495],[-121.0616074,38.2022263],[-121.0616043,38.2022034],[-121.0616533,38.2021883],[-121.061648,38.2021674],[-121.0616936,38.2021501],[-121.0616901,38.202128],[-121.0617377,38.2021111],[-121.0617365,38.2020884],[-121.0617812,38.2020754],[-121.0617788,38.2020508],[-121.0618199,38.2020388],[-121.0618155,38.2020142],[-121.0618675,38.2019988],[-121.0618636,38.2019826],[-121.061888,38.201946],[-121.0620747,38.2018839],[-121.0620731,38.2018673],[-121.062124,38.2018459],[-121.0621247,38.2018268],[-121.0622976,38.2017646],[-121.0622951,38.2017417],[-121.0623925,38.2017063],[-121.0623956,38.2016861],[-121.0634285,38.201352],[-121.0634512,38.2013686],[-121.0634948,38.2013549],[-121.0635138,38.2013711],[-121.0635591,38.2013581],[-121.0635733,38.2013742],[-121.0636423,38.2013531],[-121.0636595,38.2013705],[-121.0642306,38.201186],[-121.064251,38.2012011],[-121.0643673,38.2011646],[-121.0643876,38.2011811],[-121.0644724,38.2011546],[-121.0644939,38.2011715],[-121.0645609,38.2011507],[-121.0646085,38.2011632],[-121.0646197,38.2011789],[-121.0648545,38.2011021],[-121.0648525,38.201078],[-121.0650028,38.2010304],[-121.0650015,38.2010074],[-121.0651507,38.2009582],[-121.0651516,38.200936],[-121.0652723,38.2008967],[-121.0652734,38.2008729],[-121.0656339,38.2007612],[-121.0656566,38.2007775],[-121.0657239,38.2007561],[-121.0657412,38.2007731],[-121.0658102,38.2007518],[-121.0658302,38.2007697],[-121.065867,38.2007568],[-121.0658854,38.200775],[-121.065928,38.2007615],[-121.0659478,38.2007785],[-121.0659831,38.200764],[-121.0660049,38.2007782],[-121.0660468,38.2007647],[-121.0662542,38.2008433],[-121.066265,38.2008578],[-121.0663053,38.2008473],[-121.066323,38.2008634],[-121.0663927,38.2008447],[-121.0664113,38.200863],[-121.0664519,38.20085],[-121.066472,38.2008663],[-121.0665084,38.2008513],[-121.0665308,38.2008697],[-121.0665734,38.2008579],[-121.0667432,38.2009207],[-121.0667555,38.200937],[-121.0668015,38.2009273],[-121.067003,38.2010011],[-121.0670146,38.2010166],[-121.0670588,38.201005],[-121.0671065,38.2010344],[-121.0671493,38.2010223],[-121.0672025,38.2010526],[-121.0672496,38.2010419],[-121.0673853,38.2010928],[-121.0673963,38.2011097],[-121.0674414,38.2010965],[-121.0675226,38.201138],[-121.0675689,38.2011247],[-121.0676725,38.2011642],[-121.067718,38.2012003],[-121.0677626,38.2013365]],[[-121.0656323,38.2010121],[-121.0656057,38.2009508],[-121.0654482,38.201001],[-121.0654748,38.2010629],[-121.0656323,38.2010121]],[[-121.0663271,38.2015428],[-121.0663004,38.2014808],[-121.0661401,38.2015328],[-121.0661663,38.2015953],[-121.0663271,38.2015428]],[[-121.0663217,38.2009313],[-121.0663109,38.2009027],[-121.0662742,38.2008792],[-121.0661417,38.200918],[-121.0661671,38.2009817],[-121.0663217,38.2009313]],[[-121.0663333,38.2021792],[-121.0663065,38.2021193],[-121.0661462,38.2021692],[-121.0661729,38.2022309],[-121.0663333,38.2021792]]],[[[-121.0679041,38.2006753],[-121.0677413,38.2007304],[-121.0676436,38.2006918],[-121.0675094,38.2006639],[-121.0673368,38.200601],[-121.0673266,38.2005841],[-121.0672883,38.2005934],[-121.0672408,38.2005645],[-121.0671973,38.2005768],[-121.0670967,38.2005387],[-121.0664814,38.2003805],[-121.0663505,38.2003258],[-121.0662589,38.2002424],[-121.0662096,38.2002578],[-121.0661931,38.2002405],[-121.066149,38.2002534],[-121.0661324,38.2002365],[-121.0660132,38.200275],[-121.0659954,38.2002576],[-121.0659524,38.2002702],[-121.0659362,38.2002548],[-121.065728,38.2003206],[-121.0656911,38.2002639],[-121.0656421,38.2002772],[-121.0654619,38.2001979],[-121.0652135,38.2002744],[-121.0651552,38.2002283],[-121.0648435,38.200328],[-121.064876,38.2004324],[-121.0645147,38.2005501],[-121.0644921,38.2005344],[-121.064298,38.2005967],[-121.0642755,38.2005792],[-121.0641359,38.2006255],[-121.0641147,38.2006088],[-121.0638716,38.2006893],[-121.0638495,38.2006731],[-121.0637695,38.2006968],[-121.0633748,38.1996748],[-121.0639548,38.1994804],[-121.0638232,38.1991276],[-121.0638954,38.1990049],[-121.0645459,38.1987925],[-121.0645709,38.1988088],[-121.0649056,38.1987002],[-121.064928,38.1987163],[-121.0650947,38.1986615],[-121.0651144,38.1986784],[-121.0652811,38.1986234],[-121.0653022,38.1986398],[-121.0654007,38.198608],[-121.0654227,38.1986256],[-121.0654875,38.1986047],[-121.065506,38.1986226],[-121.0655533,38.1986097],[-121.0655673,38.1986266],[-121.0658121,38.198547],[-121.0658334,38.1985628],[-121.0659451,38.198527],[-121.0659664,38.1985442],[-121.0660572,38.1985157],[-121.0660758,38.1985325],[-121.0662171,38.1984842],[-121.0662387,38.1985018],[-121.0664599,38.1984308],[-121.0664804,38.1984471],[-121.066607,38.1984089],[-121.0666253,38.1984266],[-121.0668688,38.1983474],[-121.0668907,38.1983643],[-121.0671201,38.1982888],[-121.0671708,38.1982991],[-121.0671834,38.1983153],[-121.0672751,38.1982865],[-121.0672941,38.1983035],[-121.0673796,38.1982773],[-121.0673967,38.1982947],[-121.0675682,38.1982388],[-121.0675908,38.1982551],[-121.0677016,38.198219],[-121.0677213,38.1982361],[-121.0677899,38.1982148],[-121.0678388,38.1982239],[-121.067851,38.19824],[-121.0679147,38.1982221],[-121.0679247,38.1982327],[-121.0679041,38.2006753]],[[-121.0663294,38.1996085],[-121.0662979,38.1995248],[-121.0661205,38.1995812],[-121.0661548,38.199665],[-121.0663294,38.1996085]],[[-121.0663135,38.1990702],[-121.0662878,38.1990075],[-121.0661349,38.1990558],[-121.0661604,38.1991201],[-121.0663135,38.1990702]],[[-121.0671225,38.2001066],[-121.0670465,38.1999119],[-121.0670143,38.1998755],[-121.0669198,38.1998394],[-121.066908,38.1998221],[-121.0665175,38.1999459],[-121.0665327,38.1999816],[-121.0665183,38.2000113],[-121.0665256,38.2000349],[-121.0664796,38.2000542],[-121.0665236,38.200158],[-121.0665851,38.2001403],[-121.066608,38.2001789],[-121.0666495,38.2001653],[-121.0667003,38.200195],[-121.066744,38.2001823],[-121.0667922,38.2002131],[-121.0671225,38.2001066]]]]}},{"type":"Feature","id":"0d401591-178c-447c-8a4c-aa30c668f028","properties":{"field_id":"0d401591-178c-447c-8a4c-aa30c668f028","legacy_id":43750561,"name":"Baum Peltier","farm_id":"442cea3c-c814-4422-9602-0567e60bd43a","farm_name":"Lodi","area_value":16.64,"area_unit":"hectare","centroid":[-121.27926676371757,38.192937367890536]},"geometry":{"type":"MultiPolygon","coordinates":[[[[-121.2786275,38.1893872],[-121.2786271,38.1893594],[-121.2804051,38.1893641],[-121.2804198,38.1899409],[-121.2794379,38.1899379],[-121.2794367,38.1899119],[-121.2793953,38.1899108],[-121.279395,38.1898827],[-121.2791262,38.1898814],[-121.2791282,38.1900466],[-121.279392,38.190046],[-121.2793911,38.1900179],[-121.2794372,38.190018],[-121.279438,38.1899927],[-121.2804199,38.1899957],[-121.2805173,38.193922],[-121.2780704,38.193915],[-121.2779585,38.1893892],[-121.2786275,38.1893872]]],[[[-121.2802076,38.194003],[-121.2802083,38.1940319],[-121.2802942,38.1940313],[-121.280295,38.1940596],[-121.2803792,38.1940591],[-121.2803801,38.194087],[-121.2804407,38.1940863],[-121.2804421,38.1941144],[-121.2804862,38.1941134],[-121.2804865,38.1941419],[-121.2805229,38.1941414],[-121.2805808,38.1964476],[-121.2805409,38.1964471],[-121.2805404,38.1964751],[-121.2805,38.1964749],[-121.2805002,38.1965021],[-121.2781352,38.1964957],[-121.2780739,38.1939973],[-121.2802076,38.194003]]]]}},{"type":"Feature","id":"aa3e4c79-6bcc-4945-addb-33dbc97df087","properties":{"field_id":"aa3e4c79-6bcc-4945-addb-33dbc97df087","legacy_id":44082729,"name":"Lashi Dustin","farm_id":"cce2f2eb-47b7-477b-a1f1-2e79af5143c7","farm_name":"Lodi","area_value":18.38,"area_unit":"hectare","centroid":[-121.22275374784299,38.18733983680901]},"geometry":{"type":"Polygon","coordinates":[[[-121.2254931,38.1889595],[-121.2254887,38.189014],[-121.2254559,38.189047],[-121.2201418,38.1891619],[-121.2200751,38.1874238],[-121.2200879,38.1874113],[-121.2200757,38.1873996],[-121.2200141,38.1856641],[-121.2200456,38.1856564],[-121.2200603,38.1856317],[-121.222498,38.1855769],[-121.2225137,38.1855855],[-121.2225183,38.1856253],[-121.2228197,38.1856185],[-121.2228201,38.1855786],[-121.2228347,38.1855689],[-121.2253142,38.1855172],[-121.2253706,38.1855743],[-121.2254336,38.1872786],[-121.2254192,38.1872914],[-121.2254332,38.1873031],[-121.2254421,38.1875499],[-121.2254193,38.1875955],[-121.2254456,38.1876239],[-121.2254875,38.1887861],[-121.2254361,38.1887995],[-121.2254387,38.1888572],[-121.2254886,38.1889055],[-121.2254931,38.1889595]]]}},{"type":"Feature","id":"f1b80905-08e1-426d-b991-d46392fdb8fd","properties":{"field_id":"f1b80905-08e1-426d-b991-d46392fdb8fd","legacy_id":44199013,"name":"98 Oaks B4 and B5","farm_id":"3b84d960-ade6-418f-b6f3-3c2b2d36e42d","farm_name":"Clements","area_value":21.64,"area_unit":"hectare","centroid":[-121.0735827791213,38.156719821653994]},"geometry":{"type":"Polygon","coordinates":[[[-121.069293,38.1568572],[-121.068821,38.1566125],[-121.0687351,38.1564185],[-121.0687673,38.1559629],[-121.0692501,38.1559545],[-121.0692608,38.1554736],[-121.071471,38.1554399],[-121.072104,38.1554821],[-121.0725653,38.1554905],[-121.0726941,38.1555242],[-121.072855,38.1556002],[-121.0730267,38.1555664],[-121.0730481,38.1553893],[-121.0770822,38.1553639],[-121.077286,38.1554146],[-121.077404,38.1554821],[-121.0776293,38.1555074],[-121.0777044,38.1556339],[-121.0777688,38.1581479],[-121.0772377,38.1582998],[-121.0768247,38.1582829],[-121.0763043,38.158169],[-121.0757089,38.1581268],[-121.075328,38.1579666],[-121.0740459,38.1579919],[-121.0701513,38.1580298],[-121.0693789,38.1572031],[-121.069293,38.1568572]]]}},{"type":"Feature","id":"c4c696a3-6f05-4483-a8f1-15889840083b","properties":{"field_id":"c4c696a3-6f05-4483-a8f1-15889840083b","legacy_id":44199015,"name":"JW1 B4","farm_id":"552e419d-4b2c-4943-bd2d-90dd9db4cec4","farm_name":"Lodi","area_value":21.88,"area_unit":"hectare","centroid":[-121.3080849256106,38.20971864660992]},"geometry":{"type":"Polygon","coordinates":[[[-121.3079292,38.2086378],[-121.312961,38.2085999],[-121.3130146,38.2087095],[-121.3130844,38.2087896],[-121.3132882,38.208916],[-121.3133848,38.2090383],[-121.3134116,38.2099571],[-121.3133901,38.2101005],[-121.3133419,38.210189],[-121.3130844,38.210522],[-121.3128,38.2106737],[-121.3126552,38.2107243],[-121.3124675,38.2107496],[-121.3123494,38.2107875],[-121.3029242,38.2108423],[-121.3028973,38.2086673],[-121.3079292,38.2086378]]]}},{"type":"Feature","id":"8f397120-fb4b-4a40-b180-00cbc5165ada","properties":{"field_id":"8f397120-fb4b-4a40-b180-00cbc5165ada","legacy_id":44199023,"name":"LT Twin Oaks B2 SB","farm_id":"5edddc90-fa36-43b9-9b63-46b4efd17c7c","farm_name":"Lodi","area_value":22.63,"area_unit":"hectare","centroid":[-121.30281192145834,38.1982232077151]},"geometry":{"type":"Polygon","coordinates":[[[-121.2999523,38.1999962],[-121.2999415,38.1995578],[-121.2997591,38.199229],[-121.2995017,38.1989676],[-121.2995338,38.1974246],[-121.2994748,38.1973698],[-121.2994587,38.1965857],[-121.2994909,38.1964676],[-121.3060999,38.1964465],[-121.3061535,38.1999288],[-121.3013041,38.1999794],[-121.301229,38.2000805],[-121.3005531,38.2002744],[-121.3004136,38.2002913],[-121.3000596,38.2004346],[-121.2997913,38.2003756],[-121.2999523,38.1999962]]]}},{"type":"Feature","id":"37b1d10b-b4e6-4a2a-b9df-482b6dd417f9","properties":{"field_id":"37b1d10b-b4e6-4a2a-b9df-482b6dd417f9","legacy_id":44199017,"name":"LT Twin Oaks B1 CS","farm_id":"5edddc90-fa36-43b9-9b63-46b4efd17c7c","farm_name":"Lodi","area_value":31.08,"area_unit":"hectare","centroid":[-121.30770226103786,38.19737943097664]},"geometry":{"type":"MultiPolygon","coordinates":[[[[-121.303997,38.1963707],[-121.2993836,38.1963875],[-121.2993729,38.1951649],[-121.3002419,38.1951649],[-121.3009179,38.1951227],[-121.3012183,38.1948614],[-121.3015723,38.1948276],[-121.3015509,38.1953926],[-121.3018191,38.1954094],[-121.3018727,38.1955949],[-121.3027096,38.1955865],[-121.3027203,38.1954263],[-121.3028705,38.1953504],[-121.3027096,38.195089],[-121.3026774,38.1947686],[-121.3025272,38.1938242],[-121.3023984,38.1937652],[-121.302377,38.1930316],[-121.3039005,38.1930147],[-121.303997,38.1963707]]],[[[-121.3062072,38.1964297],[-121.3129771,38.1963875],[-121.3130629,38.1997348],[-121.3128698,38.1998866],[-121.3062501,38.1999119],[-121.3062072,38.1964297]]]]}},{"type":"Feature","id":"5520ea25-b7fd-4309-a482-86c34c029d22","properties":{"field_id":"5520ea25-b7fd-4309-a482-86c34c029d22","legacy_id":44199035,"name":"LT Gill Creek B1 CS","farm_id":"5edddc90-fa36-43b9-9b63-46b4efd17c7c","farm_name":"Lodi","area_value":31.93,"area_unit":"hectare","centroid":[-121.31270883413731,38.19417712744243]},"geometry":{"type":"MultiPolygon","coordinates":[[[[-121.3146883,38.194073],[-121.3142109,38.1940603],[-121.3138676,38.1940139],[-121.3135511,38.1940519],[-121.3135672,38.1941699],[-121.3137174,38.1942121],[-121.3156807,38.1941826],[-121.3157612,38.1942711],[-121.3160026,38.1942627],[-121.3159597,38.194191],[-121.316818,38.1942416],[-121.3174832,38.194229],[-121.3175476,38.1963285],[-121.3085675,38.1963538],[-121.3085246,38.1934448],[-121.3087285,38.1933689],[-121.3093293,38.1934026],[-121.3095438,38.1935628],[-121.3098657,38.1936724],[-121.3102198,38.1936134],[-121.3105524,38.1935038],[-121.3106704,38.1932761],[-121.3107347,38.1929726],[-121.3108206,38.192863],[-121.3110352,38.1928461],[-121.3112926,38.1928461],[-121.3115501,38.1928883],[-121.3117647,38.1929641],[-121.3120115,38.1930906],[-121.3122582,38.1932424],[-121.3145113,38.1929051],[-121.3147473,38.1929051],[-121.3148439,38.1931159],[-121.3149726,38.1933267],[-121.3150048,38.1935122],[-121.3148761,38.1936471],[-121.3148171,38.1939001],[-121.3146883,38.194073]]],[[[-121.3166732,38.1921251],[-121.3168502,38.1920998],[-121.3169682,38.1922516],[-121.3161796,38.1929768],[-121.3156754,38.1929641],[-121.3155091,38.1928883],[-121.3154179,38.1927786],[-121.3150907,38.1924456],[-121.314919,38.1923486],[-121.314522,38.1923317],[-121.3143343,38.1923697],[-121.3140929,38.1924962],[-121.3139212,38.1923823],[-121.3137281,38.192357],[-121.3132668,38.1923739],[-121.31302,38.1924498],[-121.312741,38.1925805],[-121.3124889,38.1925931],[-121.3121831,38.1925425],[-121.3108367,38.192513],[-121.3102734,38.1925973],[-121.3101983,38.1925889],[-121.31015,38.1911301],[-121.3102359,38.1910627],[-121.3105845,38.190953],[-121.3109493,38.1909025],[-121.3110781,38.1908476],[-121.3113087,38.1907085],[-121.3114321,38.1906621],[-121.3117057,38.1906579],[-121.3120437,38.1907127],[-121.3126069,38.1907043],[-121.3127357,38.1906832],[-121.3129234,38.1906748],[-121.3130414,38.1906916],[-121.3132721,38.1908097],[-121.3134652,38.1915012],[-121.3139212,38.1915897],[-121.3142592,38.1916782],[-121.3144362,38.1917668],[-121.3146454,38.1918975],[-121.3150585,38.1922179],[-121.3152194,38.1923064],[-121.3154662,38.1923865],[-121.3157666,38.1924203],[-121.3159275,38.1924793],[-121.3161474,38.1924793],[-121.3163459,38.1924413],[-121.3164747,38.1923739],[-121.316523,38.1922854],[-121.3166732,38.1921251]]]]}},{"type":"Feature","id":"d89c08c3-1e29-44d8-bb06-c15b9debca47","properties":{"field_id":"d89c08c3-1e29-44d8-bb06-c15b9debca47","legacy_id":44199055,"name":"LT 100 B1 CS","farm_id":"5edddc90-fa36-43b9-9b63-46b4efd17c7c","farm_name":"Lodi","area_value":19.42,"area_unit":"hectare","centroid":[-121.28427394746029,38.20203589415214]},"geometry":{"type":"Polygon","coordinates":[[[-121.2810802,38.2004768],[-121.2870562,38.2003672],[-121.2871528,38.2006454],[-121.287142,38.2007972],[-121.2871957,38.2008899],[-121.2872815,38.2009742],[-121.2871957,38.2013621],[-121.2871957,38.2015223],[-121.2873352,38.2016825],[-121.2878394,38.2033434],[-121.2877429,38.2034361],[-121.2875283,38.2034783],[-121.2813699,38.2037143],[-121.2812197,38.20363],[-121.2810802,38.2004768]]]}},{"type":"Feature","id":"09f9f013-3b52-4943-bbb3-b49b79021494","properties":{"field_id":"09f9f013-3b52-4943-bbb3-b49b79021494","legacy_id":44199060,"name":"LT 100 B2 PS","farm_id":"5edddc90-fa36-43b9-9b63-46b4efd17c7c","farm_name":"Lodi","area_value":19.66,"area_unit":"hectare","centroid":[-121.28369475143296,38.19856240784285]},"geometry":{"type":"Polygon","coordinates":[[[-121.2856293,38.196573],[-121.2870562,38.2003335],[-121.2862462,38.2003377],[-121.2840253,38.2003841],[-121.2838268,38.2003672],[-121.2817615,38.2004557],[-121.281091,38.2004515],[-121.2809944,38.1965814],[-121.2856293,38.196573]]]}},{"type":"Feature","id":"cf3fa16c-c10f-4a34-ac16-70e8b9731f27","properties":{"field_id":"cf3fa16c-c10f-4a34-ac16-70e8b9731f27","legacy_id":44199007,"name":"98 Oaks B3 MA","farm_id":"3b84d960-ade6-418f-b6f3-3c2b2d36e42d","farm_name":"Clements","area_value":7.86,"area_unit":"hectare","centroid":[-121.07392713567924,38.15876343979416]},"geometry":{"type":"Polygon","coordinates":[[[-121.0777205,38.1592952],[-121.0705322,38.159388],[-121.0703337,38.159329],[-121.0701567,38.1592109],[-121.0701513,38.1591181],[-121.0702372,38.1590464],[-121.0704249,38.1590506],[-121.0705698,38.1591012],[-121.0707253,38.1591097],[-121.0708487,38.1590548],[-121.0708702,38.1588397],[-121.0709077,38.1587511],[-121.0710418,38.1585993],[-121.0711008,38.1584643],[-121.0711062,38.1583377],[-121.0710311,38.1582407],[-121.0707951,38.1582407],[-121.0707146,38.1582913],[-121.0706931,38.1583968],[-121.0706073,38.1584601],[-121.0704839,38.1584263],[-121.070264,38.15811],[-121.0744858,38.1580678],[-121.074695,38.1581015],[-121.0752583,38.1581226],[-121.0756981,38.1582239],[-121.075843,38.1582703],[-121.075902,38.1583673],[-121.0759073,38.1585782],[-121.0762131,38.1585697],[-121.0762614,38.1582956],[-121.0766208,38.1583293],[-121.0771143,38.1585191],[-121.0777581,38.158536],[-121.0777688,38.1592657],[-121.0777205,38.1592952]]]}},{"type":"Feature","id":"962dba87-cd0b-4e03-be9e-a959c76ef232","properties":{"field_id":"962dba87-cd0b-4e03-be9e-a959c76ef232","legacy_id":44205517,"name":"98 Oaks B6 CS","farm_id":"3b84d960-ade6-418f-b6f3-3c2b2d36e42d","farm_name":"Clements","area_value":9.7,"area_unit":"hectare","centroid":[-121.07022348371812,38.161287537866436]},"geometry":{"type":"Polygon","coordinates":[[[-121.0727048,38.1626148],[-121.0685366,38.1626865],[-121.0685259,38.1608053],[-121.0685849,38.1607294],[-121.0685849,38.1606408],[-121.0685045,38.1605649],[-121.0684884,38.159658],[-121.0701889,38.1596411],[-121.0701835,38.1597677],[-121.0702908,38.1597508],[-121.0709506,38.159755],[-121.0710096,38.159793],[-121.0711652,38.1600545],[-121.071471,38.160451],[-121.0715353,38.1605775],[-121.0717553,38.1607631],[-121.0719645,38.1609023],[-121.0720611,38.1610204],[-121.0720128,38.1611512],[-121.071927,38.1612903],[-121.0719323,38.1614337],[-121.0720289,38.1615265],[-121.0721791,38.1616193],[-121.0724097,38.1618387],[-121.0723668,38.1619568],[-121.0722649,38.1621044],[-121.0722756,38.1622183],[-121.0724312,38.1623322],[-121.0725653,38.1623954],[-121.0727048,38.1626148]]]}},{"type":"Feature","id":"b433337e-b416-4142-ab68-00c2efd49ad7","properties":{"field_id":"b433337e-b416-4142-ab68-00c2efd49ad7","legacy_id":44217525,"name":"Bender Burlington ME","farm_id":"fa76cd95-9fb1-4b88-b342-1423171937cf","farm_name":"Lodi","area_value":18.77,"area_unit":"hectare","centroid":[-121.31550767115209,38.20134339312235]},"geometry":{"type":"Polygon","coordinates":[[[-121.3176227,38.1991278],[-121.3177407,38.2035626],[-121.3134062,38.203571],[-121.3132668,38.1991193],[-121.3176227,38.1991278]]]}},{"type":"Feature","id":"53bee347-fbc3-4306-9355-edcee91cc569","properties":{"field_id":"53bee347-fbc3-4306-9355-edcee91cc569","legacy_id":44217526,"name":"Donald Airport B2 SA","farm_id":"c8818a07-d5b5-41a7-836b-6293964a012f","farm_name":"Lodi","area_value":3.92,"area_unit":"hectare","centroid":[-121.25719843261703,38.20219096000645]},"geometry":{"type":"Polygon","coordinates":[[[-121.2574768,38.2036132],[-121.2565166,38.2036216],[-121.25642,38.2035963],[-121.2564254,38.2031579],[-121.2564629,38.2030862],[-121.2564415,38.2022473],[-121.2563771,38.2022473],[-121.2563556,38.20097],[-121.2580669,38.2009827],[-121.2581044,38.2026562],[-121.2573534,38.2026605],[-121.2572944,38.2026141],[-121.2570047,38.202631],[-121.2570369,38.2026815],[-121.257171,38.2027363],[-121.2578738,38.2027406],[-121.2579274,38.2026984],[-121.2581313,38.2027068],[-121.2581366,38.2030694],[-121.2574768,38.2030694],[-121.2574768,38.2036132]]]}},{"type":"Feature","id":"9a846588-e44e-4c02-b4cb-3f870d702be6","properties":{"field_id":"9a846588-e44e-4c02-b4cb-3f870d702be6","legacy_id":44217529,"name":"Donald Airport B3 ZN","farm_id":"c8818a07-d5b5-41a7-836b-6293964a012f","farm_name":"Lodi","area_value":3.66,"area_unit":"hectare","centroid":[-121.25718679266711,38.19982363428662]},"geometry":{"type":"Polygon","coordinates":[[[-121.2580508,38.2009447],[-121.2563717,38.2009363],[-121.2563127,38.1987146],[-121.2580079,38.1987062],[-121.2580508,38.2009447]]]}},{"type":"Feature","id":"190e9163-4323-4904-b670-247d7a902e2e","properties":{"field_id":"190e9163-4323-4904-b670-247d7a902e2e","legacy_id":44217530,"name":"Donald Airport B4 CS","farm_id":"c8818a07-d5b5-41a7-836b-6293964a012f","farm_name":"Lodi","area_value":3.71,"area_unit":"hectare","centroid":[-121.25710978891972,38.19758628472749]},"geometry":{"type":"Polygon","coordinates":[[[-121.2580025,38.1986767],[-121.2562859,38.1987104],[-121.2562108,38.1964929],[-121.2579435,38.1964718],[-121.2580025,38.1986767]]]}},{"type":"Feature","id":"de095e02-2378-4db0-be54-8bb328e1f942","properties":{"field_id":"de095e02-2378-4db0-be54-8bb328e1f942","legacy_id":44217533,"name":"Donald Davis B5 CH","farm_id":"fd4dbb82-e82c-44a5-99bd-e0d6dfbad520","farm_name":"Lodi","area_value":3.84,"area_unit":"hectare","centroid":[-121.3363014940549,38.13980502068025]},"geometry":{"type":"Polygon","coordinates":[[[-121.3381523,38.1403581],[-121.3344669,38.1403243],[-121.3344508,38.1399151],[-121.334542,38.1399024],[-121.3345152,38.1398349],[-121.3344347,38.1398434],[-121.3344401,38.1392611],[-121.3381308,38.139278],[-121.3381523,38.1403581]]]}},{"type":"Feature","id":"149b5b05-e6f5-431b-aea5-8a0cdbea55bb","properties":{"field_id":"149b5b05-e6f5-431b-aea5-8a0cdbea55bb","legacy_id":44217534,"name":"LT Davis B3 CH","farm_id":"5edddc90-fa36-43b9-9b63-46b4efd17c7c","farm_name":"Lodi","area_value":3.92,"area_unit":"hectare","centroid":[-121.34168505380109,38.13987568666965]},"geometry":{"type":"Polygon","coordinates":[[[-121.3434577,38.1404594],[-121.3399547,38.1404425],[-121.3399333,38.139278],[-121.3433558,38.139316],[-121.343329,38.1394172],[-121.3434416,38.1394763],[-121.3434577,38.1404594]]]}},{"type":"Feature","id":"9537fb37-d1ea-4b5f-a274-69a26ab65131","properties":{"field_id":"9537fb37-d1ea-4b5f-a274-69a26ab65131","legacy_id":44217535,"name":"Donald Davis B7 ND","farm_id":"fd4dbb82-e82c-44a5-99bd-e0d6dfbad520","farm_name":"Lodi","area_value":2.64,"area_unit":"hectare","centroid":[-121.33251388468277,38.13698716320621]},"geometry":{"type":"Polygon","coordinates":[[[-121.3341826,38.1374089],[-121.3309586,38.1374131],[-121.3309586,38.1365186],[-121.3330883,38.1365313],[-121.3330936,38.1366114],[-121.3332331,38.1366452],[-121.3333619,38.1367169],[-121.3335979,38.1367],[-121.3337588,38.1366072],[-121.3341773,38.1366325],[-121.3341826,38.1374089]]]}},{"type":"Feature","id":"f9e6075b-49f6-4036-a4e5-53c2ecda1a3f","properties":{"field_id":"f9e6075b-49f6-4036-a4e5-53c2ecda1a3f","legacy_id":44217536,"name":"Donald Davis B4 ZN","farm_id":"fd4dbb82-e82c-44a5-99bd-e0d6dfbad520","farm_name":"Lodi","area_value":3.16,"area_unit":"hectare","centroid":[-121.33565836973247,38.13839281050065]},"geometry":{"type":"MultiPolygon","coordinates":[[[[-121.3365859,38.1374553],[-121.3366288,38.1375017],[-121.3366181,38.1392063],[-121.3365644,38.1392274],[-121.3344991,38.139202],[-121.3344723,38.1382696],[-121.3352662,38.1382612],[-121.3352609,38.1382147],[-121.3353199,38.1381979],[-121.3353306,38.1379532],[-121.3353682,38.1379152],[-121.335336,38.1378519],[-121.335336,38.1374426],[-121.3365859,38.1374553]]],[[[-121.3352287,38.1376705],[-121.3344884,38.1376662],[-121.3344723,38.1374806],[-121.3345152,38.1374426],[-121.335234,38.1374553],[-121.3352287,38.1376705]]]]}},{"type":"Feature","id":"bc8dc630-4b20-4e93-ae52-d86b00281798","properties":{"field_id":"bc8dc630-4b20-4e93-ae52-d86b00281798","legacy_id":44217551,"name":"Ford Ranch (All)","farm_id":"6627b324-3aaf-4de1-9f13-dbc06722a6ea","farm_name":"Lodi","area_value":54.42,"area_unit":"hectare","centroid":[-121.27458247564482,38.20699085671981]},"geometry":{"type":"MultiPolygon","coordinates":[[[[-121.2650621,38.2038998],[-121.2694287,38.203904],[-121.269477,38.2053541],[-121.2683398,38.2062984],[-121.2681842,38.2062899],[-121.2677389,38.2060707],[-121.2677014,38.2059991],[-121.2676156,38.2059864],[-121.2671703,38.2057925],[-121.2671274,38.2057293],[-121.2670094,38.205704],[-121.2651372,38.204764],[-121.2650782,38.2046965],[-121.2650353,38.2040347],[-121.2650621,38.2038998]]],[[[-121.2719661,38.2039251],[-121.2719876,38.2045153],[-121.2718427,38.2045279],[-121.2718481,38.2046797],[-121.2719822,38.2047218],[-121.2720037,38.2052192],[-121.2719446,38.2053499],[-121.2718749,38.2054089],[-121.2718749,38.2057504],[-121.2720251,38.2057672],[-121.2720197,38.205822],[-121.2718803,38.2058136],[-121.2718642,38.2059106],[-121.271891,38.2060454],[-121.2725669,38.2060497],[-121.2730443,38.2060834],[-121.2731624,38.2061845],[-121.2731999,38.2063279],[-121.2726313,38.2065808],[-121.2720305,38.206644],[-121.2717354,38.2067663],[-121.2715262,38.2069854],[-121.2715852,38.2071625],[-121.2717086,38.2073395],[-121.2719339,38.2075376],[-121.2721539,38.207622],[-121.2723523,38.207622],[-121.2725669,38.2076894],[-121.272524,38.2078454],[-121.2721324,38.2080393],[-121.272009,38.2081151],[-121.2713706,38.2078201],[-121.2711775,38.2076978],[-121.2709361,38.2076388],[-121.2705553,38.2074196],[-121.2703568,38.2073817],[-121.2702656,38.2072932],[-121.2699813,38.2071667],[-121.2697613,38.2070866],[-121.268667,38.2065639],[-121.2683934,38.2063658],[-121.2695414,38.205371],[-121.2695146,38.2039125],[-121.2719661,38.2039251]]],[[[-121.2761235,38.2046038],[-121.2748253,38.2048778],[-121.274659,38.2050127],[-121.2746108,38.2051897],[-121.2746269,38.2053668],[-121.2747341,38.2056914],[-121.274702,38.2058136],[-121.274541,38.2059401],[-121.2743264,38.2059653],[-121.274128,38.2059316],[-121.2739724,38.2060075],[-121.2733072,38.2062309],[-121.2730765,38.2059949],[-121.2721646,38.2059906],[-121.272127,38.2054426],[-121.272186,38.2053921],[-121.272186,38.2053204],[-121.2721485,38.2052572],[-121.272068,38.2039167],[-121.2737095,38.2038872],[-121.2739295,38.2039082],[-121.2739938,38.2039335],[-121.2754583,38.2039251],[-121.2756193,38.203963],[-121.2758875,38.204119],[-121.2760431,38.2041359],[-121.2761611,38.2043003],[-121.2763327,38.2044942],[-121.2764347,38.2044815],[-121.2764937,38.2044984],[-121.2765151,38.2045616],[-121.2764829,38.2046207],[-121.2763757,38.2046586],[-121.2761235,38.2046038]]],[[[-121.27747,38.210758],[-121.2774003,38.2107833],[-121.2738222,38.2090846],[-121.2738705,38.2084018],[-121.2740153,38.2084271],[-121.2740529,38.2083512],[-121.2739778,38.2083006],[-121.2738383,38.2083006],[-121.2737149,38.2081952],[-121.2738329,38.2080561],[-121.2741655,38.2080308],[-121.2741655,38.207702],[-121.273908,38.2077063],[-121.2738973,38.2074871],[-121.2732375,38.2074828],[-121.2729317,38.2070908],[-121.2732536,38.2069096],[-121.2734789,38.2068253],[-121.2736505,38.2066735],[-121.2742352,38.2065302],[-121.2748629,38.2064248],[-121.2753671,38.2062646],[-121.2755227,38.2060792],[-121.2755227,38.2058768],[-121.2754744,38.2057504],[-121.2755281,38.2054131],[-121.2758982,38.2052825],[-121.2762308,38.2051897],[-121.2767565,38.2051518],[-121.2769765,38.2051602],[-121.2770945,38.2051939],[-121.2770677,38.2053415],[-121.277014,38.2055101],[-121.276955,38.2056281],[-121.2769389,38.2058094],[-121.2769496,38.2059274],[-121.2769979,38.2060918],[-121.2771749,38.2062183],[-121.2777758,38.2064754],[-121.2777382,38.206585],[-121.2773842,38.2067958],[-121.27747,38.210758]]],[[[-121.2812734,38.210973],[-121.2779045,38.2109898],[-121.2775397,38.2108381],[-121.27747,38.2068295],[-121.2778938,38.2065892],[-121.2781727,38.2065808],[-121.2786663,38.2065218],[-121.2789989,38.2064543],[-121.2792778,38.2063279],[-121.2796533,38.2059991],[-121.2799108,38.2060244],[-121.280179,38.2061677],[-121.2804043,38.2065555],[-121.2807155,38.2068],[-121.2811768,38.206977],[-121.2812734,38.210973]]]]}},{"type":"Feature","id":"f055afad-1a9c-44d3-8e48-4c7d0e9501c7","properties":{"field_id":"f055afad-1a9c-44d3-8e48-4c7d0e9501c7","legacy_id":44217553,"name":"Fritz and Martel (All)","farm_id":"f4c76fa1-3725-481b-8f09-beb8ec4feb29","farm_name":"Lodi","area_value":6.43,"area_unit":"hectare","centroid":[-121.22341738652214,38.17594198841513]},"geometry":{"type":"MultiPolygon","coordinates":[[[[-121.2223828,38.1747569],[-121.2232894,38.17474],[-121.2234074,38.1770678],[-121.2233377,38.1771016],[-121.2219,38.1771437],[-121.2218088,38.1748243],[-121.2218302,38.174778],[-121.2222487,38.1747569],[-121.2222487,38.175322],[-121.2226456,38.1753135],[-121.2226295,38.1748749],[-121.2223935,38.1748876],[-121.2223828,38.1747569]]],[[[-121.2250543,38.1770763],[-121.223579,38.1771016],[-121.2234986,38.177072],[-121.2234074,38.1750141],[-121.2236327,38.1750057],[-121.2236112,38.1749213],[-121.2234128,38.1749213],[-121.2234235,38.1747316],[-121.2249416,38.1746978],[-121.2250113,38.1747273],[-121.2250328,38.1752461],[-121.2245017,38.1752545],[-121.2244427,38.1752334],[-121.2242925,38.1752123],[-121.2240297,38.1752376],[-121.2240404,38.1757141],[-121.2245286,38.1757099],[-121.2245071,38.1753177],[-121.2250543,38.1753135],[-121.2250972,38.1762413],[-121.2240511,38.1762877],[-121.2239653,38.1763509],[-121.2239331,38.1764479],[-121.2239438,38.1766841],[-121.2246305,38.1766714],[-121.2246197,38.1763172],[-121.2250865,38.1763214],[-121.2251025,38.1770425],[-121.2250543,38.1770763]]]]}},{"type":"Feature","id":"893da4a8-c961-4be8-b9ea-ecb8b0b58c65","properties":{"field_id":"893da4a8-c961-4be8-b9ea-ecb8b0b58c65","legacy_id":44217557,"name":"Henretty","farm_id":"d9d4c33b-4cdc-41d6-805f-f9e112619770","farm_name":"Lodi","area_value":6.69,"area_unit":"hectare","centroid":[-121.27096979382686,38.2534193088332]},"geometry":{"type":"Polygon","coordinates":[[[-121.2713921,38.2550362],[-121.2696111,38.2550573],[-121.2695414,38.254973],[-121.2695307,38.2528794],[-121.2695682,38.2527993],[-121.2696594,38.2527109],[-121.2702012,38.2524792],[-121.2705284,38.2524665],[-121.2705177,38.2523275],[-121.271494,38.2519273],[-121.2729639,38.2522938],[-121.2729853,38.2533175],[-121.2713867,38.253347],[-121.2713975,38.2541474],[-121.2712902,38.25424],[-121.2713063,38.2543327],[-121.2713975,38.2543959],[-121.2713921,38.2550362]]]}},{"type":"Feature","id":"4976af31-179d-473b-8f31-3d70fae32d36","properties":{"field_id":"4976af31-179d-473b-8f31-3d70fae32d36","legacy_id":43165026,"name":"Hilder (all)","farm_id":"e92b12ca-91da-42b8-92d2-65721f828e08","farm_name":"Lodi","area_value":40.61,"area_unit":"hectare","centroid":[-121.36589980136218,38.21470515507258]},"geometry":{"type":"MultiPolygon","coordinates":[[[[-121.3663144,38.2160477],[-121.3637105,38.2160814],[-121.3616291,38.2171772],[-121.3596228,38.2171562],[-121.3594619,38.2153691],[-121.3608191,38.2135905],[-121.3618298,38.21319],[-121.3637073,38.2124061],[-121.3640399,38.2123976],[-121.3662822,38.2128529],[-121.3663144,38.2160477]]],[[[-121.3664174,38.212895],[-121.3673884,38.2130762],[-121.3683379,38.213287],[-121.3692981,38.2132701],[-121.3705641,38.2130341],[-121.3708699,38.2130425],[-121.3728279,38.2132406],[-121.3728333,38.2151162],[-121.372726,38.2152258],[-121.3727206,38.2159213],[-121.3726187,38.2159971],[-121.3664389,38.2160646],[-121.3664174,38.212895]]]]}},{"type":"Feature","id":"aa75c8af-2c8a-4ba6-bfa4-ebfd51f1e21b","properties":{"field_id":"aa75c8af-2c8a-4ba6-bfa4-ebfd51f1e21b","legacy_id":44217561,"name":"North River (All)","farm_id":"b99724a1-8cf4-4bac-bfdf-a60282991000","farm_name":"Lodi","area_value":19.3,"area_unit":"hectare","centroid":[-121.26833834781378,38.15253677083632]},"geometry":{"type":"MultiPolygon","coordinates":[[[[-121.2706518,38.151154],[-121.2700242,38.1510907],[-121.269654,38.1510148],[-121.2681949,38.1507912],[-121.2674278,38.1507448],[-121.2659472,38.1507279],[-121.2659311,38.1500277],[-121.2681574,38.1500783],[-121.2688494,38.1501711],[-121.269241,38.1504917],[-121.2694073,38.1505592],[-121.2698257,38.1506689],[-121.2702227,38.1507406],[-121.2706357,38.150749],[-121.2706518,38.151154]]],[[[-121.2660384,38.1550096],[-121.2659311,38.1517783],[-121.2662101,38.1517952],[-121.266135,38.1509431],[-121.2675619,38.1509515],[-121.26827,38.1510359],[-121.2697935,38.1513312],[-121.2702334,38.1514493],[-121.2706089,38.1515759],[-121.2696218,38.153297],[-121.2696862,38.1549843],[-121.2660384,38.1550096]]],[[[-121.2714565,38.1524702],[-121.2713116,38.1514704],[-121.2734628,38.1516518],[-121.2735111,38.1520272],[-121.2729907,38.152061],[-121.2729746,38.1519893],[-121.27276,38.1519893],[-121.2727547,38.1518796],[-121.2724221,38.1518838],[-121.2724274,38.1521327],[-121.2735111,38.1520736],[-121.2735164,38.1524111],[-121.2714565,38.1524702]]]]}},{"type":"Feature","id":"b8ad098d-d5e3-408c-973a-829059afb7ab","properties":{"field_id":"b8ad098d-d5e3-408c-973a-829059afb7ab","legacy_id":44217594,"name":"LT 80 CH","farm_id":"5edddc90-fa36-43b9-9b63-46b4efd17c7c","farm_name":"Lodi","area_value":7.28,"area_unit":"hectare","centroid":[-121.2867563286675,38.18995296323126]},"geometry":{"type":"Polygon","coordinates":[[[-121.2898564,38.1893424],[-121.2899047,38.1905399],[-121.2838268,38.1905736],[-121.283462,38.1895322],[-121.2835211,38.1894732],[-121.283623,38.1894183],[-121.2843525,38.1893846],[-121.2843955,38.1893424],[-121.286788,38.1893509],[-121.2868202,38.1894563],[-121.2869382,38.1894479],[-121.2870347,38.1894226],[-121.2870991,38.1893551],[-121.2875122,38.1893846],[-121.2877321,38.1893804],[-121.2878501,38.1893382],[-121.2898564,38.1893424]]]}},{"type":"Feature","id":"c9464620-e900-4abf-bf69-cc2b49f25eb4","properties":{"field_id":"c9464620-e900-4abf-bf69-cc2b49f25eb4","legacy_id":44217597,"name":"LT Bender 60","farm_id":"5edddc90-fa36-43b9-9b63-46b4efd17c7c","farm_name":"Lodi","area_value":23.1,"area_unit":"hectare","centroid":[-121.32561936222005,38.20162633903895]},"geometry":{"type":"Polygon","coordinates":[[[-121.3285875,38.2036385],[-121.3225901,38.2035879],[-121.3225579,38.1997517],[-121.3258195,38.1997601],[-121.3259912,38.1996927],[-121.3262057,38.1995325],[-121.3264418,38.1994229],[-121.3278258,38.1994735],[-121.3285232,38.1995831],[-121.3285875,38.2036385]]]}},{"type":"Feature","id":"5810ffa0-ca93-4051-8ceb-bd7789a97548","properties":{"field_id":"5810ffa0-ca93-4051-8ceb-bd7789a97548","legacy_id":44217599,"name":"LT Bender B2 VI","farm_id":"5edddc90-fa36-43b9-9b63-46b4efd17c7c","farm_name":"Lodi","area_value":15.31,"area_unit":"hectare","centroid":[-121.3201866556542,38.20178699600645]},"geometry":{"type":"Polygon","coordinates":[[[-121.3224292,38.203512],[-121.3223219,38.2035794],[-121.3183039,38.2035584],[-121.3182074,38.2035373],[-121.3185614,38.2033771],[-121.3186204,38.203297],[-121.3185292,38.2032548],[-121.3184273,38.2032717],[-121.318379,38.2033392],[-121.3183844,38.2034066],[-121.3181001,38.2035457],[-121.3180035,38.2034572],[-121.3179016,38.2000046],[-121.322397,38.2000468],[-121.3224292,38.203512]]]}},{"type":"Feature","id":"8e1899ac-0f5e-4061-ad7a-c7b136751699","properties":{"field_id":"8e1899ac-0f5e-4061-ad7a-c7b136751699","legacy_id":44217604,"name":"LT River (All)","farm_id":"5edddc90-fa36-43b9-9b63-46b4efd17c7c","farm_name":"Lodi","area_value":27.73,"area_unit":"hectare","centroid":[-121.3312725170336,38.20038392372027]},"geometry":{"type":"MultiPolygon","coordinates":[[[[-121.3299716,38.1963917],[-121.3313234,38.1963875],[-121.3313985,38.1964339],[-121.3313931,38.1969819],[-121.3314307,38.1970873],[-121.3322031,38.1979895],[-121.3321441,38.1980233],[-121.3317257,38.1980359],[-121.3311464,38.1981708],[-121.3286895,38.1981792],[-121.3285929,38.1964508],[-121.3286626,38.1964044],[-121.3299716,38.1963917]]],[[[-121.3287055,38.2022937],[-121.3286626,38.2010417],[-121.3286519,38.1995662],[-121.3286948,38.199406],[-121.3287914,38.1993554],[-121.329301,38.1993554],[-121.3294458,38.1993006],[-121.33017,38.1989128],[-121.3303953,38.1988285],[-121.3307977,38.1987062],[-121.3313073,38.1986135],[-121.3314736,38.1986135],[-121.3324016,38.1998149],[-121.3323694,38.1998529],[-121.3319457,38.1999119],[-121.3319296,38.2000847],[-121.3319725,38.2002576],[-121.3321763,38.2003292],[-121.3321924,38.2010248],[-121.33223,38.2011935],[-121.3324016,38.2012735],[-121.3325894,38.2014],[-121.3326162,38.2015813],[-121.3323855,38.2019185],[-121.3323963,38.2023317],[-121.3323426,38.2023654],[-121.3288128,38.2023274],[-121.3287055,38.2022937]]],[[[-121.3324445,38.2036342],[-121.3288826,38.2036216],[-121.3288665,38.2033729],[-121.3289148,38.2033054],[-121.3289148,38.2031958],[-121.3287753,38.2032127],[-121.3287055,38.2031832],[-121.3286895,38.2023527],[-121.3324445,38.2023907],[-121.3324499,38.2033097],[-121.3323802,38.2033392],[-121.3323909,38.2033982],[-121.3324445,38.2034741],[-121.3324445,38.2036342]]],[[[-121.3337159,38.1992753],[-121.3344616,38.2001648],[-121.3330132,38.2001564],[-121.3327074,38.1997981],[-121.3325465,38.1998023],[-121.3315862,38.1986135],[-121.3316667,38.1985671],[-121.332289,38.1984996],[-121.3323641,38.1984027],[-121.3323426,38.198213],[-121.3323534,38.198116],[-121.332584,38.198234],[-121.3327342,38.198331],[-121.3329756,38.1983942],[-121.3337159,38.1992753]]],[[[-121.3344723,38.2002196],[-121.3348049,38.2004009],[-121.3350141,38.2003967],[-121.3354003,38.200363],[-121.335572,38.2004473],[-121.3358241,38.2006033],[-121.335867,38.2007297],[-121.3358402,38.2008773],[-121.3356364,38.2012398],[-121.3355988,38.2014632],[-121.3356149,38.2016656],[-121.3355452,38.2022347],[-121.3353467,38.202631],[-121.3351965,38.202867],[-121.3350463,38.2029808],[-121.3346601,38.2029682],[-121.3345957,38.2029092],[-121.3345474,38.202808],[-121.3346064,38.2027068],[-121.3347244,38.2026478],[-121.3347566,38.2025298],[-121.3346922,38.2021335],[-121.3344294,38.2020787],[-121.3341504,38.201712],[-121.3338983,38.2012356],[-121.3338178,38.2010206],[-121.3335496,38.2006539],[-121.3335335,38.2005569],[-121.3334423,38.2004262],[-121.3331795,38.2002871],[-121.3330507,38.2001901],[-121.3344723,38.2002196]]]]}},{"type":"Feature","id":"5075def6-150a-4b62-8904-b5fa0a5cf32b","properties":{"field_id":"5075def6-150a-4b62-8904-b5fa0a5cf32b","legacy_id":44217606,"name":"LT Blacktail","farm_id":"5edddc90-fa36-43b9-9b63-46b4efd17c7c","farm_name":"Lodi","area_value":30.18,"area_unit":"hectare","centroid":[-121.33898032825769,38.20053461704124]},"geometry":{"type":"Polygon","coordinates":[[[-121.3391823,38.2006707],[-121.3409686,38.2006665],[-121.3411188,38.2047345],[-121.3410437,38.2048862],[-121.3408506,38.2048272],[-121.3406253,38.2046839],[-121.3400674,38.2045827],[-121.3383937,38.2042033],[-121.338104,38.2041106],[-121.3377821,38.2038914],[-121.3374817,38.2035963],[-121.3372779,38.2033602],[-121.3370419,38.2029387],[-121.336838,38.2024328],[-121.3366771,38.2017583],[-121.3366663,38.2013874],[-121.3367093,38.2010417],[-121.3367736,38.2007044],[-121.3366556,38.1999288],[-121.33672,38.1998192],[-121.3365912,38.199777],[-121.3364196,38.1988074],[-121.3363445,38.1985123],[-121.3362157,38.1982425],[-121.3361728,38.1980064],[-121.3361835,38.1978968],[-121.3380396,38.1979136],[-121.3380075,38.196514],[-121.3408774,38.1965224],[-121.3409632,38.2006033],[-121.3395202,38.2006033],[-121.3394719,38.2004768],[-121.339134,38.2004852],[-121.3391823,38.2006707]]]}},{"type":"Feature","id":"d6c720e1-ec32-4592-a9bc-1847dacbcbcf","properties":{"field_id":"d6c720e1-ec32-4592-a9bc-1847dacbcbcf","legacy_id":44217617,"name":"LT Exotics","farm_id":"5edddc90-fa36-43b9-9b63-46b4efd17c7c","farm_name":"Lodi","area_value":24.7,"area_unit":"hectare","centroid":[-121.29733133350571,38.200096932276416]},"geometry":{"type":"Polygon","coordinates":[[[-121.2950116,38.1986683],[-121.2950224,38.1976101],[-121.2952209,38.1976228],[-121.2953335,38.197686],[-121.2954891,38.1976818],[-121.2955481,38.197627],[-121.2961435,38.1976143],[-121.2962508,38.197686],[-121.2963957,38.197686],[-121.2963903,38.197589],[-121.2967873,38.1975975],[-121.2967926,38.1976944],[-121.297093,38.1977324],[-121.297093,38.1975553],[-121.2950116,38.1975722],[-121.2949848,38.1965477],[-121.2992442,38.1965561],[-121.2992764,38.1973656],[-121.2990081,38.1973909],[-121.2990403,38.1974457],[-121.2992871,38.1974626],[-121.2993515,38.1991615],[-121.2984234,38.1992247],[-121.2984717,38.2007635],[-121.2993515,38.2007508],[-121.2994212,38.2007972],[-121.2995017,38.2035499],[-121.2992603,38.2035415],[-121.2991744,38.2035837],[-121.2987238,38.2035837],[-121.2986594,38.2036174],[-121.2955266,38.2036132],[-121.2953335,38.2018932],[-121.2962133,38.2019059],[-121.2962079,38.2016656],[-121.2953442,38.201674],[-121.2952638,38.2009995],[-121.2951672,38.2009068],[-121.2951726,38.2007255],[-121.2952155,38.2006075],[-121.2951028,38.2005822],[-121.2951028,38.2002829],[-121.2951672,38.200148],[-121.2957895,38.200148],[-121.2958056,38.2002534],[-121.2960362,38.2002955],[-121.2964976,38.2001227],[-121.2968677,38.2000763],[-121.2968463,38.1994608],[-121.2965459,38.199465],[-121.2965673,38.1991236],[-121.2964761,38.1990772],[-121.2964493,38.1986683],[-121.2950116,38.1986683]]]}},{"type":"Feature","id":"35fd75d5-8769-4697-b734-dc0a696f7f38","properties":{"field_id":"35fd75d5-8769-4697-b734-dc0a696f7f38","legacy_id":44217620,"name":"LT Railroad CF","farm_id":"5edddc90-fa36-43b9-9b63-46b4efd17c7c","farm_name":"Lodi","area_value":5.84,"area_unit":"hectare","centroid":[-121.28794415472053,38.19596024422894]},"geometry":{"type":"Polygon","coordinates":[[[-121.2900388,38.1956624],[-121.2900442,38.1966826],[-121.2861013,38.1966953],[-121.285581,38.1953462],[-121.28564,38.1953082],[-121.2898135,38.1952071],[-121.2899423,38.1952408],[-121.2899584,38.195519],[-121.2900388,38.1956624]]]}},{"type":"Feature","id":"cfafb385-6bd8-4096-a84b-b6ccd78cae03","properties":{"field_id":"cfafb385-6bd8-4096-a84b-b6ccd78cae03","legacy_id":44217625,"name":"LT Redtail","farm_id":"5edddc90-fa36-43b9-9b63-46b4efd17c7c","farm_name":"Lodi","area_value":12.33,"area_unit":"hectare","centroid":[-121.3011077345254,38.20586189176137]},"geometry":{"type":"MultiPolygon","coordinates":[[[[-121.3018727,38.2037818],[-121.3017869,38.2047598],[-121.3019532,38.2056787],[-121.30198,38.2066398],[-121.3013577,38.207955],[-121.3010144,38.2079802],[-121.3008106,38.2080393],[-121.3007355,38.2081489],[-121.2995124,38.2081657],[-121.2994373,38.2038998],[-121.2994909,38.2037734],[-121.3018727,38.2037818]]],[[[-121.303702,38.2050338],[-121.3036698,38.2055691],[-121.3037127,38.2057082],[-121.303879,38.2058684],[-121.3038898,38.2059738],[-121.3037395,38.2061171],[-121.3035035,38.2064164],[-121.3031173,38.2064585],[-121.3030905,38.2066019],[-121.3030744,38.2069559],[-121.3028437,38.2069391],[-121.3022858,38.2067367],[-121.3022,38.2048061],[-121.3025272,38.2048188],[-121.3030261,38.2049368],[-121.3033104,38.2049495],[-121.303702,38.2050338]]]]}},{"type":"Feature","id":"f5165ede-789c-47db-887b-051c42068023","properties":{"field_id":"f5165ede-789c-47db-887b-051c42068023","legacy_id":44217626,"name":"Seibly Jahant","farm_id":"5edddc90-fa36-43b9-9b63-46b4efd17c7c","farm_name":"Lodi","area_value":7.39,"area_unit":"hectare","centroid":[-121.3145864097131,38.20582041301334]},"geometry":{"type":"Polygon","coordinates":[[[-121.3155627,38.2037059],[-121.3155091,38.2038239],[-121.3156378,38.2038661],[-121.3156056,38.2043719],[-121.3155735,38.205527],[-121.315155,38.2057967],[-121.3151658,38.2061424],[-121.3153374,38.2063026],[-121.3153052,38.2066145],[-121.3155198,38.2066904],[-121.3155091,38.2081151],[-121.3152087,38.2079718],[-121.314801,38.2079634],[-121.3145542,38.2079297],[-121.3143504,38.2078116],[-121.3140392,38.2077273],[-121.3138783,38.2077695],[-121.3137066,38.2077526],[-121.3135457,38.2076683],[-121.3135672,38.2073142],[-121.3136959,38.2068506],[-121.3136959,38.2063616],[-121.313535,38.2057799],[-121.3134599,38.2045068],[-121.31405,38.2044731],[-121.3140929,38.2036722],[-121.3155627,38.2037059]]]}},{"type":"Feature","id":"a163c0d5-05ae-4eff-98bf-665fa1e3bc5c","properties":{"field_id":"a163c0d5-05ae-4eff-98bf-665fa1e3bc5c","legacy_id":44217633,"name":"Kidd & Mendonca","farm_id":"2665c88d-045b-4f84-91ed-cd4fe26401df","farm_name":"Lodi","area_value":26.31,"area_unit":"hectare","centroid":[-121.32036103174428,38.20695579788787]},"geometry":{"type":"MultiPolygon","coordinates":[[[[-121.3199186,38.2037312],[-121.3199186,38.2038661],[-121.3201439,38.203883],[-121.3202727,38.2096073],[-121.3181484,38.2095989],[-121.3181269,38.2095146],[-121.3180304,38.2037818],[-121.3181055,38.2036975],[-121.3199186,38.2037312]]],[[[-121.3223004,38.2037228],[-121.3223219,38.2039335],[-121.3224185,38.204001],[-121.3224506,38.2051223],[-121.3223648,38.205215],[-121.3223648,38.2053499],[-121.3225365,38.2108212],[-121.3213778,38.2108297],[-121.3212812,38.2106611],[-121.3210344,38.2104925],[-121.3204229,38.2104335],[-121.3202727,38.203689],[-121.3223004,38.2037228]]]]}},{"type":"Feature","id":"325c8732-ca5c-41ea-885a-abcd8c995fea","properties":{"field_id":"325c8732-ca5c-41ea-885a-abcd8c995fea","legacy_id":44217634,"name":"JW2 B2 TD","farm_id":"5edddc90-fa36-43b9-9b63-46b4efd17c7c","farm_name":"Lodi","area_value":12.78,"area_unit":"hectare","centroid":[-121.28594522260975,38.20701808387212]},"geometry":{"type":"Polygon","coordinates":[[[-121.2898457,38.2078622],[-121.2813163,38.2079465],[-121.2812948,38.2070529],[-121.2823892,38.2070698],[-121.283226,38.2062941],[-121.2836552,38.2060834],[-121.2839127,38.2058979],[-121.2841594,38.2058642],[-121.2844062,38.2061761],[-121.2846959,38.2064037],[-121.2858653,38.2066145],[-121.2858868,38.2067663],[-121.2860906,38.206741],[-121.2862945,38.2065976],[-121.2867665,38.2066061],[-121.2870133,38.2065808],[-121.2874532,38.2064628],[-121.287657,38.2060918],[-121.2876892,38.2055522],[-121.2877536,38.2052993],[-121.2886548,38.2051476],[-121.2888372,38.2051897],[-121.2898457,38.2078622]]]}},{"type":"Feature","id":"019a1a19-c8cd-4a74-8efd-21255cb4d54c","properties":{"field_id":"019a1a19-c8cd-4a74-8efd-21255cb4d54c","legacy_id":44217639,"name":"JW3 B1 CS","farm_id":"5edddc90-fa36-43b9-9b63-46b4efd17c7c","farm_name":"Lodi","area_value":16.12,"area_unit":"hectare","centroid":[-121.29165249120771,38.20258421285739]},"geometry":{"type":"Polygon","coordinates":[[[-121.2947649,38.201341],[-121.2950063,38.2036764],[-121.2948668,38.2036975],[-121.2947273,38.2035457],[-121.29462,38.2034951],[-121.2944216,38.2034825],[-121.29381,38.2035794],[-121.293928,38.2043045],[-121.2937295,38.2043045],[-121.2933433,38.2041654],[-121.2931126,38.2041064],[-121.2926835,38.2040811],[-121.2923455,38.2041022],[-121.2920934,38.2040853],[-121.2919325,38.2039335],[-121.2921846,38.2038998],[-121.2922221,38.2037986],[-121.2921309,38.2037565],[-121.2919807,38.2038366],[-121.2915838,38.2038492],[-121.2909722,38.2035626],[-121.2904197,38.2034656],[-121.2899047,38.2034993],[-121.2894219,38.2039799],[-121.2892985,38.2039799],[-121.2891161,38.2039546],[-121.2891054,38.204001],[-121.2891376,38.2040726],[-121.2892717,38.2040895],[-121.2891912,38.2043593],[-121.2890518,38.2044183],[-121.2888855,38.2043804],[-121.2886012,38.2035963],[-121.2886763,38.2034361],[-121.2885153,38.2034361],[-121.2879092,38.2016782],[-121.2879092,38.2015729],[-121.2943465,38.2011302],[-121.2945342,38.201185],[-121.2947649,38.201341]]]}},{"type":"Feature","id":"7cccf2f7-7ad8-42fd-a913-302d973d0b9d","properties":{"field_id":"7cccf2f7-7ad8-42fd-a913-302d973d0b9d","legacy_id":44217640,"name":"Muchmore","farm_id":"9efc2f6b-8c07-4356-adbf-4b2010cdf69f","farm_name":"Lodi","area_value":17.15,"area_unit":"hectare","centroid":[-121.35816950983549,38.17364266023029]},"geometry":{"type":"Polygon","coordinates":[[[-121.3536072,38.1725892],[-121.3583279,38.1726103],[-121.3625443,38.172682],[-121.3625979,38.1746641],[-121.3536716,38.1746219],[-121.3536286,38.1730531],[-121.3543904,38.1730363],[-121.3543904,38.1734664],[-121.3550556,38.1734664],[-121.3550556,38.1729519],[-121.3536179,38.1729561],[-121.3536072,38.1725892]]]}},{"type":"Feature","id":"4ab8bf1d-9eed-4c71-89bc-ab9d2b7adb30","properties":{"field_id":"4ab8bf1d-9eed-4c71-89bc-ab9d2b7adb30","legacy_id":44217641,"name":"Ring","farm_id":"c9c97c01-7d0d-4c04-b3fd-72b4d7e002a8","farm_name":"Lodi","area_value":25.29,"area_unit":"hectare","centroid":[-121.28778391927497,38.21302623301401]},"geometry":{"type":"MultiPolygon","coordinates":[[[[-121.2910044,38.210973],[-121.2918198,38.2132238],[-121.2917554,38.2137043],[-121.2914121,38.2137043],[-121.290983,38.2138391],[-121.2907469,38.213797],[-121.290704,38.2132069],[-121.2905645,38.212954],[-121.2902641,38.2125915],[-121.2899315,38.2123724],[-121.2895453,38.2121447],[-121.28932,38.2121363],[-121.2889767,38.2120773],[-121.2889767,38.2119003],[-121.2888157,38.2116811],[-121.2885475,38.2116727],[-121.2881505,38.2117317],[-121.2875712,38.2119677],[-121.2870133,38.212229],[-121.2868416,38.2124229],[-121.2867665,38.2126674],[-121.2866914,38.212836],[-121.2862837,38.2127686],[-121.286037,38.2128276],[-121.2859297,38.2131395],[-121.2855971,38.213131],[-121.2852645,38.2132069],[-121.2838483,38.2132069],[-121.2837625,38.2110236],[-121.2910044,38.210973]]],[[[-121.2861603,38.2133249],[-121.2863106,38.2132238],[-121.2867343,38.2131943],[-121.2870187,38.2130594],[-121.2871313,38.2128824],[-121.2873191,38.2124398],[-121.2883544,38.2119045],[-121.2885368,38.2118539],[-121.2886602,38.2119509],[-121.2886548,38.2122501],[-121.2887514,38.2123344],[-121.2892342,38.2123471],[-121.2894273,38.212385],[-121.2894917,38.2124609],[-121.2895346,38.2125578],[-121.2898833,38.2126548],[-121.2903017,38.2130678],[-121.2903124,38.2132786],[-121.290248,38.2133249],[-121.2901139,38.2132659],[-121.2899315,38.2132575],[-121.2896258,38.2132954],[-121.2892878,38.2134008],[-121.2892449,38.2136158],[-121.289261,38.2138939],[-121.2891161,38.2140246],[-121.2890249,38.2140457],[-121.2888318,38.2140119],[-121.2886816,38.2139445],[-121.2886333,38.2137633],[-121.2883008,38.2137591],[-121.288113,38.2141131],[-121.2881505,38.2143576],[-121.2884027,38.2143829],[-121.2887675,38.2143323],[-121.2892342,38.2143238],[-121.2894005,38.2142901],[-121.2894756,38.2142269],[-121.289717,38.2138434],[-121.2897706,38.2136073],[-121.2899369,38.2134977],[-121.2902105,38.2135989],[-121.2902802,38.2137253],[-121.2903607,38.2139319],[-121.2904358,38.2140667],[-121.2906021,38.2141679],[-121.2908864,38.214151],[-121.2910956,38.214071],[-121.291219,38.2139951],[-121.2913316,38.2140204],[-121.2912565,38.2140962],[-121.2910044,38.2142016],[-121.2907791,38.2143997],[-121.2906879,38.2145262],[-121.2905967,38.2146231],[-121.2904465,38.2149055],[-121.2903929,38.2150952],[-121.2903875,38.2153775],[-121.290409,38.2156599],[-121.2903339,38.2158496],[-121.2897599,38.2158496],[-121.289556,38.2157232],[-121.289438,38.2155251],[-121.2889445,38.2155251],[-121.2886387,38.215504],[-121.28829,38.215445],[-121.288054,38.2154366],[-121.2878716,38.2156515],[-121.287421,38.2156515],[-121.2863159,38.2151078],[-121.2862301,38.2150235],[-121.2861979,38.2148254],[-121.2862086,38.2144124],[-121.2861067,38.2143913],[-121.2858117,38.2144376],[-121.2856883,38.2145009],[-121.2855864,38.2145135],[-121.2854147,38.2145093],[-121.2853986,38.2143786],[-121.2853557,38.2142691],[-121.2852323,38.2141173],[-121.2852323,38.2139572],[-121.285184,38.2138012],[-121.2846369,38.2137801],[-121.2845027,38.2138897],[-121.2845135,38.2141595],[-121.2843204,38.2141721],[-121.284036,38.214033],[-121.2840307,38.2138181],[-121.284079,38.2135357],[-121.2842131,38.2134598],[-121.2859565,38.2134219],[-121.2861603,38.2133249]]]]}},{"type":"Feature","id":"0fd29666-2333-4362-9083-84d2a58c0452","properties":{"field_id":"0fd29666-2333-4362-9083-84d2a58c0452","legacy_id":44217642,"name":"Doddington","farm_id":"0c6d7e63-437b-47ce-ae8f-201d4a7635b6","farm_name":"Lodi","area_value":10.84,"area_unit":"hectare","centroid":[-121.29712649436449,38.19510968703038]},"geometry":{"type":"Polygon","coordinates":[[[-121.2992173,38.1938116],[-121.2992978,38.196455],[-121.2949955,38.1964887],[-121.2949848,38.1961641],[-121.295414,38.1961683],[-121.2956661,38.1961936],[-121.2959075,38.1962442],[-121.2961864,38.1962357],[-121.2962079,38.1959997],[-121.2961704,38.1957551],[-121.2953764,38.1957846],[-121.2953442,38.1960629],[-121.2949419,38.1960671],[-121.2948346,38.1938242],[-121.2992173,38.1938116]]]}},{"type":"Feature","id":"2cba3b54-8fd8-4624-984c-70e48e4a400d","properties":{"field_id":"2cba3b54-8fd8-4624-984c-70e48e4a400d","legacy_id":44217643,"name":"Stanton B1 TD","farm_id":"53c608da-4ac6-43b1-bfac-d906544c2711","farm_name":"Lodi","area_value":7.79,"area_unit":"hectare","centroid":[-121.35189544335181,38.17324610172447]},"geometry":{"type":"Polygon","coordinates":[[[-121.3533121,38.1718934],[-121.3534248,38.1746051],[-121.350469,38.1746051],[-121.3503832,38.1718723],[-121.3533121,38.1718934]]]}},{"type":"Feature","id":"8a40317d-f81a-460a-9bd3-f76a50279fdc","properties":{"field_id":"8a40317d-f81a-460a-9bd3-f76a50279fdc","legacy_id":44217645,"name":"Stanton CH","farm_id":"53c608da-4ac6-43b1-bfac-d906544c2711","farm_name":"Lodi","area_value":7.67,"area_unit":"hectare","centroid":[-121.34591888125209,38.173215207888816]},"geometry":{"type":"Polygon","coordinates":[[[-121.3446647,38.1745713],[-121.3444877,38.1744828],[-121.3444448,38.1718976],[-121.3445789,38.1718512],[-121.3473254,38.1718512],[-121.3474059,38.1745797],[-121.3446647,38.1745713]]]}},{"type":"Feature","id":"09355adb-ebac-4779-9b54-5bf941148327","properties":{"field_id":"09355adb-ebac-4779-9b54-5bf941148327","legacy_id":44217644,"name":"Stanton VI","farm_id":"53c608da-4ac6-43b1-bfac-d906544c2711","farm_name":"Lodi","area_value":7.63,"area_unit":"hectare","centroid":[-121.34889726448189,38.17324033839874]},"geometry":{"type":"Polygon","coordinates":[[[-121.3503027,38.171906],[-121.3503993,38.1746051],[-121.347481,38.1745713],[-121.3474059,38.1718723],[-121.3503027,38.171906]]]}},{"type":"Feature","id":"8450dce4-87ec-4611-a155-fcd7937b5890","properties":{"field_id":"8450dce4-87ec-4611-a155-fcd7937b5890","legacy_id":44217646,"name":"Stanton SB","farm_id":"53c608da-4ac6-43b1-bfac-d906544c2711","farm_name":"Lodi","area_value":14.29,"area_unit":"hectare","centroid":[-121.34974171714539,38.17061307119794]},"geometry":{"type":"MultiPolygon","coordinates":[[[[-121.3508981,38.169363],[-121.3509142,38.1696498],[-121.3506353,38.1697257],[-121.3506782,38.1702022],[-121.3507909,38.1702402],[-121.3509196,38.170236],[-121.3509732,38.1717373],[-121.3509089,38.1717922],[-121.3466281,38.171788],[-121.3465637,38.1693208],[-121.3508981,38.169363]]],[[[-121.3533068,38.1705101],[-121.3533551,38.1718048],[-121.3532478,38.1718259],[-121.3510913,38.1717964],[-121.3510215,38.1704764],[-121.3517243,38.1704806],[-121.3517618,38.1705902],[-121.351735,38.1706661],[-121.3518101,38.1707378],[-121.3519549,38.1706999],[-121.3519764,38.1706198],[-121.3523626,38.1706324],[-121.3524431,38.1705396],[-121.3524377,38.1704806],[-121.3533068,38.1705101]]],[[[-121.3532048,38.1693587],[-121.3532853,38.1702697],[-121.352545,38.1702613],[-121.352545,38.1699914],[-121.3523948,38.1699154],[-121.3521051,38.1699154],[-121.3519657,38.1697805],[-121.3516331,38.169713],[-121.3510269,38.1696877],[-121.3510215,38.1693334],[-121.3532048,38.1693587]]]]}},{"type":"Feature","id":"182f8fac-907d-4479-9998-8a663210448f","properties":{"field_id":"182f8fac-907d-4479-9998-8a663210448f","legacy_id":44217647,"name":"Stanton PR & ZN","farm_id":"53c608da-4ac6-43b1-bfac-d906544c2711","farm_name":"Lodi","area_value":4.67,"area_unit":"hectare","centroid":[-121.34597537307357,38.169033611031516]},"geometry":{"type":"MultiPolygon","coordinates":[[[[-121.3474649,38.1676001],[-121.3474864,38.1685026],[-121.3443053,38.1684773],[-121.3442892,38.1675579],[-121.346451,38.1675579],[-121.3465744,38.167638],[-121.3467729,38.1676675],[-121.3469821,38.1676675],[-121.3470089,38.1675916],[-121.3474649,38.1676001]]],[[[-121.3464832,38.1693208],[-121.3465583,38.171788],[-121.3457805,38.1717795],[-121.3457161,38.1693039],[-121.3464832,38.1693208]]]]}},{"type":"Feature","id":"7731f206-c4df-4ed2-806f-05538c64eaf1","properties":{"field_id":"7731f206-c4df-4ed2-806f-05538c64eaf1","legacy_id":44217648,"name":"Stanton PN","farm_id":"53c608da-4ac6-43b1-bfac-d906544c2711","farm_name":"Lodi","area_value":9.16,"area_unit":"hectare","centroid":[-121.35041138679388,38.16843651546074]},"geometry":{"type":"Polygon","coordinates":[[[-121.3476098,38.1692617],[-121.3475561,38.1676001],[-121.3529688,38.1676043],[-121.3532263,38.1676886],[-121.3532531,38.1692786],[-121.3476098,38.1692617]]]}},{"type":"Feature","id":"fd948024-350c-45f8-87da-dda7875d0fd2","properties":{"field_id":"fd948024-350c-45f8-87da-dda7875d0fd2","legacy_id":44217652,"name":"MJ Chenin Blanc","farm_id":"95f9ca02-bc3f-4466-b40b-6177ad155bd4","farm_name":"Delta","area_value":22.68,"area_unit":"hectare","centroid":[-121.50819041254023,38.279027875758]},"geometry":{"type":"Polygon","coordinates":[[[-121.5108275,38.2771441],[-121.5108383,38.2772873],[-121.5109348,38.2773884],[-121.5111065,38.2813636],[-121.5066004,38.2812794],[-121.5066326,38.2807825],[-121.5041542,38.2771694],[-121.5041757,38.2770346],[-121.5052593,38.2770599],[-121.5052593,38.2769925],[-121.5108275,38.2771441]]]}},{"type":"Feature","id":"f18128c1-fd08-48b4-b25d-0f1bbe74786e","properties":{"field_id":"f18128c1-fd08-48b4-b25d-0f1bbe74786e","legacy_id":44217653,"name":"MJ B1 CH","farm_id":"95f9ca02-bc3f-4466-b40b-6177ad155bd4","farm_name":"Delta","area_value":11.38,"area_unit":"hectare","centroid":[-121.50891662560207,38.282654738181385]},"geometry":{"type":"Polygon","coordinates":[[[-121.5111923,38.2840122],[-121.5067452,38.283928],[-121.5066272,38.2812962],[-121.5111065,38.2813889],[-121.5111923,38.2840122]]]}},{"type":"Feature","id":"c4cadc9b-6a9c-43fa-a4e6-56898a015f7b","properties":{"field_id":"c4cadc9b-6a9c-43fa-a4e6-56898a015f7b","legacy_id":44217655,"name":"Maria (All)","farm_id":"2366febe-ea32-4173-bb4d-3e54b4bb7809","farm_name":"Delta","area_value":66.85,"area_unit":"hectare","centroid":[-121.65252003769825,38.18830672620278]},"geometry":{"type":"Polygon","coordinates":[[[-121.6576624,38.1842785],[-121.6578126,38.1843713],[-121.6584992,38.1857543],[-121.6585529,38.1860073],[-121.656214,38.1904935],[-121.6560745,38.1912608],[-121.6555381,38.1919691],[-121.655066,38.1927955],[-121.654669,38.1927618],[-121.644702,38.1895153],[-121.6479635,38.1864964],[-121.6485643,38.1861507],[-121.6496801,38.1857712],[-121.6565466,38.1842701],[-121.6574156,38.1842026],[-121.6576624,38.1842785]]]}},{"type":"Feature","id":"faeea966-7492-4a42-bab8-b9373f8f51ba","properties":{"field_id":"faeea966-7492-4a42-bab8-b9373f8f51ba","legacy_id":44217657,"name":"Foley Pinot Noir","farm_id":"90c46bb9-f475-4a7a-a988-d96e38f99465","farm_name":"Delta","area_value":34.01,"area_unit":"hectare","centroid":[-121.61204029997545,38.21508432430972]},"geometry":{"type":"MultiPolygon","coordinates":[[[[-121.60824,38.218016],[-121.6069043,38.2204309],[-121.6069043,38.2210125],[-121.6043293,38.2201274],[-121.6052306,38.2186608],[-121.6063195,38.2173669],[-121.60824,38.218016]]],[[[-121.6130304,38.2153902],[-121.6084063,38.2153143],[-121.6091681,38.2144292],[-121.6097796,38.2144292],[-121.6101336,38.2143534],[-121.6102946,38.21421],[-121.6130519,38.2147748],[-121.6130304,38.2153902]]],[[[-121.6154552,38.2115715],[-121.6154122,38.2125831],[-121.6154873,38.2127264],[-121.6154659,38.2150193],[-121.6152942,38.2151795],[-121.6105413,38.2141173],[-121.6105413,38.2138981],[-121.6104448,38.213738],[-121.6104555,38.2128276],[-121.610316,38.2126927],[-121.6104877,38.2114703],[-121.6154552,38.2115715]]],[[[-121.6144413,38.2179907],[-121.6144145,38.2194025],[-121.613245,38.2193899],[-121.613127,38.2193646],[-121.6131538,38.2179654],[-121.6144413,38.2179907]]],[[[-121.6177297,38.2127264],[-121.6177189,38.2159803],[-121.615659,38.2152806],[-121.615659,38.2126758],[-121.6177297,38.2127264]]]]}},{"type":"Feature","id":"24c355cf-a6b8-4f4a-b6f9-d587a59ad4de","properties":{"field_id":"24c355cf-a6b8-4f4a-b6f9-d587a59ad4de","legacy_id":44217659,"name":"Foley CH","farm_id":"90c46bb9-f475-4a7a-a988-d96e38f99465","farm_name":"Delta","area_value":16.31,"area_unit":"hectare","centroid":[-121.62307815104474,38.21818423182689]},"geometry":{"type":"MultiPolygon","coordinates":[[[[-121.6236949,38.2168949],[-121.6236573,38.2195332],[-121.6198379,38.2194868],[-121.6198969,38.218037],[-121.6199881,38.2180328],[-121.6199988,38.2179064],[-121.6198915,38.21786],[-121.6199291,38.2176788],[-121.6200203,38.2176366],[-121.6199988,38.217506],[-121.6198701,38.2174638],[-121.6199183,38.2167726],[-121.6236091,38.2168274],[-121.6236949,38.2168949]]],[[[-121.6261625,38.2168906],[-121.6264629,38.2195206],[-121.6264039,38.2195711],[-121.6238773,38.219529],[-121.6238934,38.2194658],[-121.6239524,38.2194025],[-121.6239363,38.2192719],[-121.6238666,38.2192171],[-121.6239041,38.2187156],[-121.6239899,38.2186608],[-121.6239578,38.2185723],[-121.6238505,38.2185428],[-121.6238612,38.2182478],[-121.623947,38.2182056],[-121.6239846,38.2181129],[-121.623947,38.2179907],[-121.6238451,38.2179738],[-121.6238987,38.217055],[-121.6239899,38.2170382],[-121.6240114,38.2169286],[-121.6239417,38.2168738],[-121.6239148,38.2168232],[-121.6260874,38.2168527],[-121.6261625,38.2168906]]]]}},{"type":"Feature","id":"f0330000-2ac6-4f70-9a32-781dd29f2a7b","properties":{"field_id":"f0330000-2ac6-4f70-9a32-781dd29f2a7b","legacy_id":44217665,"name":"Foley 3B AL","farm_id":"90c46bb9-f475-4a7a-a988-d96e38f99465","farm_name":"Delta","area_value":7.51,"area_unit":"hectare","centroid":[-121.62478476134345,38.21490956632072]},"geometry":{"type":"Polygon","coordinates":[[[-121.6247195,38.2128065],[-121.625728,38.2137422],[-121.6261035,38.2167178],[-121.6237539,38.2166504],[-121.6237646,38.2127686],[-121.6247195,38.2128065]]]}},{"type":"Feature","id":"2b7aecb8-23fe-4ae7-a79a-620916c623c0","properties":{"field_id":"2b7aecb8-23fe-4ae7-a79a-620916c623c0","legacy_id":44217669,"name":"Prince PN","farm_id":"65c4537d-cd95-4825-b353-48dfa435b058","farm_name":"Delta","area_value":5.73,"area_unit":"hectare","centroid":[-121.51606138310346,38.30759642688046]},"geometry":{"type":"Polygon","coordinates":[[[-121.5170664,38.3061114],[-121.5170234,38.3090285],[-121.5168893,38.3091127],[-121.5150547,38.3090874],[-121.5151083,38.3060735],[-121.5170664,38.3061114]]]}},{"type":"Feature","id":"0523573d-f784-4e7f-a6b9-750829cc72e4","properties":{"field_id":"0523573d-f784-4e7f-a6b9-750829cc72e4","legacy_id":44217668,"name":"Prince CH","farm_id":"65c4537d-cd95-4825-b353-48dfa435b058","farm_name":"Delta","area_value":8.72,"area_unit":"hectare","centroid":[-121.51675165949739,38.30883966563993]},"geometry":{"type":"MultiPolygon","coordinates":[[[[-121.5149957,38.3061029],[-121.5149689,38.309058],[-121.513499,38.3084139],[-121.513086,38.3079972],[-121.5126783,38.3070332],[-121.5127051,38.3066502],[-121.5132684,38.3066838],[-121.5132791,38.306044],[-121.5149957,38.3061029]]],[[[-121.5177315,38.3104849],[-121.5192014,38.310506],[-121.5192014,38.3106701],[-121.5198934,38.3106659],[-121.5199471,38.3105523],[-121.5200865,38.310447],[-121.520226,38.3103965],[-121.5204352,38.310085],[-121.5208697,38.3100682],[-121.5209556,38.309984],[-121.52183,38.310005],[-121.5221411,38.3102955],[-121.5225703,38.3112594],[-121.5206873,38.3112299],[-121.5206337,38.3111794],[-121.5205693,38.31099],[-121.5206498,38.3108637],[-121.5207785,38.3107459],[-121.5207624,38.3106322],[-121.520403,38.3106406],[-121.5200865,38.3107164],[-121.5200651,38.3112552],[-121.5179676,38.3112257],[-121.5175492,38.3107838],[-121.517458,38.310628],[-121.5173775,38.3105523],[-121.5174043,38.3104891],[-121.5177315,38.3104849]]]]}},{"type":"Feature","id":"ec1b184a-6be5-4d54-b8f1-39f0414f8eba","properties":{"field_id":"ec1b184a-6be5-4d54-b8f1-39f0414f8eba","legacy_id":44217672,"name":"Prince Chenin Blanc","farm_id":"65c4537d-cd95-4825-b353-48dfa435b058","farm_name":"Delta","area_value":43.41,"area_unit":"hectare","centroid":[-121.52413250591023,38.30910560950675]},"geometry":{"type":"MultiPolygon","coordinates":[[[[-121.5187776,38.3091758],[-121.5172487,38.3091842],[-121.517238,38.3078709],[-121.518048,38.3078877],[-121.5180373,38.3072942],[-121.5181017,38.3072521],[-121.5187132,38.3072648],[-121.5187991,38.30729],[-121.5187776,38.3091758]]],[[[-121.5173614,38.3050085],[-121.5250432,38.3050421],[-121.5250432,38.3051263],[-121.522243,38.3072142],[-121.5173078,38.3071974],[-121.5173614,38.3050085]]],[[[-121.5173078,38.3093274],[-121.5184879,38.3093231],[-121.518681,38.3094494],[-121.5187508,38.3095841],[-121.5187937,38.3097399],[-121.5187132,38.3100135],[-121.518724,38.3102324],[-121.5188688,38.3103081],[-121.5192389,38.3103755],[-121.5192229,38.3104723],[-121.5174365,38.310447],[-121.517356,38.310367],[-121.5173239,38.3099419],[-121.5173078,38.3093274]]],[[[-121.5223396,38.3092137],[-121.5223932,38.3073995],[-121.5245444,38.3090664],[-121.5245551,38.3092347],[-121.5223396,38.3092137]]],[[[-121.5252256,38.3121812],[-121.525231,38.3133892],[-121.5226614,38.3133514],[-121.5226936,38.3121265],[-121.5252256,38.3121812]]],[[[-121.528734,38.3082119],[-121.5261269,38.310186],[-121.5241313,38.3085865],[-121.5267867,38.3066249],[-121.528734,38.3082119]]],[[[-121.5266204,38.3113225],[-121.5266043,38.3133682],[-121.52529,38.3133556],[-121.5253437,38.3112931],[-121.5266204,38.3113225]]],[[[-121.5303755,38.309521],[-121.5307081,38.3098072],[-121.5308422,38.3100093],[-121.5308583,38.3108343],[-121.5308261,38.3110153],[-121.5308422,38.3116761],[-121.53081,38.3120381],[-121.5307993,38.3126063],[-121.5308315,38.3132545],[-121.5306652,38.3133808],[-121.5269315,38.3133471],[-121.526792,38.3132125],[-121.5267813,38.3130399],[-121.5267277,38.3128],[-121.5267062,38.3122486],[-121.5303755,38.309521]]]]}},{"type":"Feature","id":"495a1357-cab5-4687-a57f-c1afcd3cef4c","properties":{"field_id":"495a1357-cab5-4687-a57f-c1afcd3cef4c","legacy_id":44217674,"name":"Prince SB","farm_id":"65c4537d-cd95-4825-b353-48dfa435b058","farm_name":"Delta","area_value":6.55,"area_unit":"hectare","centroid":[-121.52057637931983,38.308236885374676]},"geometry":{"type":"Polygon","coordinates":[[[-121.5223664,38.3073995],[-121.5223181,38.3092095],[-121.5188044,38.30918],[-121.5188259,38.3072605],[-121.5222484,38.3072984],[-121.5223664,38.3073995]]]}},{"type":"Feature","id":"521a6e4d-ad62-46fb-98ab-bd4df1efde27","properties":{"field_id":"521a6e4d-ad62-46fb-98ab-bd4df1efde27","legacy_id":44217676,"name":"Prince 18 PS","farm_id":"65c4537d-cd95-4825-b353-48dfa435b058","farm_name":"Delta","area_value":3.63,"area_unit":"hectare","centroid":[-121.52396846880985,38.31140247302523]},"geometry":{"type":"Polygon","coordinates":[[[-121.5252256,38.3121686],[-121.5226936,38.3121181],[-121.5227258,38.310628],[-121.5252364,38.3106912],[-121.5252256,38.3121686]]]}},{"type":"Feature","id":"6b038723-438f-44ae-a404-a56d707e2f91","properties":{"field_id":"6b038723-438f-44ae-a404-a56d707e2f91","legacy_id":44217678,"name":"Wheelhouse","farm_id":"4780466e-c13a-4819-be9f-247447435878","farm_name":"Delta","area_value":44.12,"area_unit":"hectare","centroid":[-121.55479465960126,38.35926915547502]},"geometry":{"type":"Polygon","coordinates":[[[-121.5513879,38.3547444],[-121.5598851,38.3608312],[-121.5612155,38.3617987],[-121.5614194,38.3619964],[-121.5617734,38.3621688],[-121.5619344,38.3623413],[-121.5618914,38.3624885],[-121.56187,38.3626357],[-121.5617841,38.362804],[-121.5617037,38.3630059],[-121.5615374,38.3631825],[-121.5611994,38.3634391],[-121.5609473,38.3634896],[-121.560781,38.3635485],[-121.5605664,38.3635485],[-121.5605074,38.3635022],[-121.5601426,38.3634854],[-121.5599763,38.3634559],[-121.559692,38.3633592],[-121.5594184,38.3633213],[-121.5588874,38.3631615],[-121.5581954,38.3628376],[-121.5580076,38.3627955],[-121.5574872,38.3627619],[-121.5571547,38.3627577],[-121.5570903,38.362724],[-121.556468,38.362724],[-121.5478259,38.3564817],[-121.5476328,38.3563261],[-121.5479171,38.3562251],[-121.5479493,38.3560527],[-121.5512806,38.3547444],[-121.5513879,38.3547444]]]}},{"type":"Feature","id":"82b8d065-914b-405e-b356-a200eae1baf3","properties":{"field_id":"82b8d065-914b-405e-b356-a200eae1baf3","legacy_id":44217680,"name":"Dutra SB","farm_id":"b6ca223d-7dc0-4946-89eb-aff618fa8425","farm_name":"Delta","area_value":33.54,"area_unit":"hectare","centroid":[-121.60110977422447,38.340602423039385]},"geometry":{"type":"MultiPolygon","coordinates":[[[[-121.6014916,38.3397292],[-121.5930426,38.3395819],[-121.5930641,38.3373603],[-121.6014487,38.3374991],[-121.6014916,38.3397292]]],[[[-121.6018617,38.3440249],[-121.6018134,38.343945],[-121.6018134,38.3419507],[-121.6097313,38.3420854],[-121.6092968,38.3441217],[-121.6018617,38.3440249]]]]}},{"type":"Feature","id":"216fdbd8-d2f9-45ad-9036-7ec59d2e011e","properties":{"field_id":"216fdbd8-d2f9-45ad-9036-7ec59d2e011e","legacy_id":44217681,"name":"Dutra 5 CH","farm_id":"b6ca223d-7dc0-4946-89eb-aff618fa8425","farm_name":"Delta","area_value":16.78,"area_unit":"hectare","centroid":[-121.60368466887708,38.339553158788064]},"geometry":{"type":"Polygon","coordinates":[[[-121.6017437,38.3372298],[-121.6057348,38.3374486],[-121.6055095,38.3418582],[-121.6017866,38.3417824],[-121.6017437,38.3372298]]]}},{"type":"Feature","id":"5a736d8c-2fdb-492d-8ef5-b52c7e0702e6","properties":{"field_id":"5a736d8c-2fdb-492d-8ef5-b52c7e0702e6","legacy_id":44217684,"name":"Dutra 6 VI","farm_id":"b6ca223d-7dc0-4946-89eb-aff618fa8425","farm_name":"Delta","area_value":1.99,"area_unit":"hectare","centroid":[-121.59944591873096,38.33709296730548]},"geometry":{"type":"Polygon","coordinates":[[[-121.5974361,38.3368133],[-121.6014755,38.3368637],[-121.601454,38.3373266],[-121.6013521,38.3373729],[-121.5974253,38.3373224],[-121.5974361,38.3368133]]]}},{"type":"Feature","id":"e8cf336e-f1eb-4032-874c-5d384c77c70e","properties":{"field_id":"e8cf336e-f1eb-4032-874c-5d384c77c70e","legacy_id":44217685,"name":"Dutra 7 MC","farm_id":"b6ca223d-7dc0-4946-89eb-aff618fa8425","farm_name":"Delta","area_value":11.33,"area_unit":"hectare","centroid":[-121.59791602325252,38.3360509731266]},"geometry":{"type":"Polygon","coordinates":[[[-121.6015184,38.3350418],[-121.6014808,38.3368595],[-121.5934181,38.3367459],[-121.5937561,38.336018],[-121.5938044,38.3356267],[-121.5942067,38.3356267],[-121.5942925,38.3355804],[-121.594888,38.3355762],[-121.594888,38.3355257],[-121.5951401,38.3354962],[-121.5956336,38.3355131],[-121.5957141,38.3354584],[-121.596331,38.3354499],[-121.5965188,38.33537],[-121.5970016,38.3353784],[-121.5971196,38.3353237],[-121.5977311,38.3353447],[-121.597994,38.3352564],[-121.5985519,38.3352564],[-121.598804,38.3351848],[-121.5992492,38.3351848],[-121.5993243,38.3351301],[-121.6000485,38.3351217],[-121.6001451,38.335067],[-121.6007084,38.3350754],[-121.6007674,38.3350165],[-121.6015184,38.3350418]]]}},{"type":"Feature","id":"5777b291-677f-42a2-8bcc-f3ce5a389f42","properties":{"field_id":"5777b291-677f-42a2-8bcc-f3ce5a389f42","legacy_id":44217689,"name":"Miller CS","farm_id":"927b6370-c1dc-480b-9ea3-9dff3d77d61f","farm_name":"Delta","area_value":60.2,"area_unit":"hectare","centroid":[-121.4712016899961,38.291613774850866]},"geometry":{"type":"MultiPolygon","coordinates":[[[[-121.4700365,38.2832501],[-121.4700687,38.283368],[-121.4700043,38.2843449],[-121.47053,38.2844291],[-121.4705515,38.2848081],[-121.4706159,38.2891113],[-121.4654875,38.2891703],[-121.4654768,38.2851113],[-121.4688349,38.2832248],[-121.4700365,38.2832501]]],[[[-121.4762324,38.2920586],[-121.4762592,38.2955531],[-121.4759696,38.295852],[-121.4759749,38.2988033],[-121.475063,38.2988075],[-121.4737111,38.2987654],[-121.4736629,38.2987191],[-121.4723057,38.2987485],[-121.4723164,38.2986728],[-121.4720374,38.298698],[-121.4720482,38.2987612],[-121.4708734,38.2987612],[-121.4708143,38.2986854],[-121.4707553,38.2922355],[-121.4710182,38.2920965],[-121.4762324,38.2920586]]]]}},{"type":"Feature","id":"6318bf66-920a-4d21-be65-2b07979f6d54","properties":{"field_id":"6318bf66-920a-4d21-be65-2b07979f6d54","legacy_id":44266510,"name":"River B3 CS","farm_id":"5edddc90-fa36-43b9-9b63-46b4efd17c7c","farm_name":"Lodi","area_value":11.68,"area_unit":"hectare","centroid":[-121.33052390501697,38.200711941056795]},"geometry":{"type":"Polygon","coordinates":[[[-121.3323877,38.2023586],[-121.3286862,38.2023586],[-121.3286648,38.1995595],[-121.3287399,38.1993824],[-121.32933,38.1993487],[-121.3304887,38.1987838],[-121.3314757,38.1986067],[-121.332377,38.1998461],[-121.3319907,38.1999389],[-121.3319156,38.2002171],[-121.3321624,38.200293],[-121.3321946,38.2011698],[-121.3326452,38.2013553],[-121.3326452,38.201642],[-121.3324199,38.2019202],[-121.3323877,38.2023586]]]}},{"type":"Feature","id":"7e084c41-4e65-4358-8181-1a4c160e334a","properties":{"field_id":"7e084c41-4e65-4358-8181-1a4c160e334a","legacy_id":44270779,"name":"LT River B2 CS","farm_id":"5edddc90-fa36-43b9-9b63-46b4efd17c7c","farm_name":"Lodi","area_value":4.5,"area_unit":"hectare","centroid":[-121.33059553738168,38.2029992657504]},"geometry":{"type":"Polygon","coordinates":[[[-121.3324606,38.2036469],[-121.3288611,38.2036216],[-121.3288665,38.2033855],[-121.3289201,38.2033181],[-121.3289309,38.2032],[-121.3287002,38.2032],[-121.3286841,38.2023569],[-121.3324499,38.2024033],[-121.3324553,38.2033012],[-121.3323802,38.2033349],[-121.3323802,38.2034024],[-121.3324499,38.2034656],[-121.3324606,38.2036469]]]}},{"type":"Feature","id":"9a4ab7db-74ae-44b1-843d-d41e37ed8a39","properties":{"field_id":"9a4ab7db-74ae-44b1-843d-d41e37ed8a39","legacy_id":44282803,"name":"AAA B1 PV","farm_id":"b6865226-10cd-4342-8241-5de32320bd67","farm_name":"Clements","area_value":34.91,"area_unit":"hectare","centroid":[-121.12713218284006,38.16508420306577]},"geometry":{"type":"Polygon","coordinates":[[[-121.1297178,38.1666342],[-121.1297661,38.166727],[-121.1301202,38.1667017],[-121.130324,38.1666258],[-121.1304742,38.1666005],[-121.1308497,38.1664613],[-121.1309248,38.1666595],[-121.1243749,38.1694347],[-121.1243212,38.1692997],[-121.124289,38.1642808],[-121.1243534,38.1640952],[-121.1245251,38.1639855],[-121.1246538,38.1637831],[-121.1247504,38.1635722],[-121.1248362,38.1633276],[-121.124965,38.163201],[-121.1252332,38.1630576],[-121.1256301,38.1627371],[-121.1257911,38.162543],[-121.1259735,38.1623912],[-121.1261559,38.1621719],[-121.1263812,38.161961],[-121.1267889,38.1613452],[-121.1269927,38.1611258],[-121.1271214,38.1610077],[-121.1273146,38.1609065],[-121.1274433,38.16078],[-121.128366,38.1603751],[-121.1285055,38.1604341],[-121.1306405,38.1658936],[-121.1295998,38.1662985],[-121.1296481,38.1663567],[-121.1291331,38.1665549],[-121.1292189,38.1667363],[-121.1292833,38.1668038],[-121.1297178,38.1666342]]]}},{"type":"Feature","id":"7d9bb273-36db-4c71-bdf4-9a5837819746","properties":{"field_id":"7d9bb273-36db-4c71-bdf4-9a5837819746","legacy_id":44282805,"name":"AAA B2 SB","farm_id":"b6865226-10cd-4342-8241-5de32320bd67","farm_name":"Clements","area_value":19.75,"area_unit":"hectare","centroid":[-121.1253419834925,38.16002373829705]},"geometry":{"type":"MultiPolygon","coordinates":[[[[-121.1239479,38.1633883],[-121.1216261,38.1584753],[-121.1217656,38.1584415],[-121.1229672,38.1584331],[-121.1230745,38.1585512],[-121.1231389,38.1587368],[-121.1231496,38.1588886],[-121.1232998,38.1589646],[-121.1236217,38.1590236],[-121.1239328,38.1591839],[-121.1243298,38.159167],[-121.1244478,38.159108],[-121.1247482,38.1590911],[-121.1254456,38.1591839],[-121.1260571,38.1591923],[-121.1261526,38.1593281],[-121.1262921,38.1594336],[-121.1267105,38.1595137],[-121.1267964,38.1595728],[-121.1268017,38.1597162],[-121.1267427,38.159847],[-121.1265764,38.1601211],[-121.1266086,38.1602266],[-121.1266569,38.1603067],[-121.1268071,38.1603278],[-121.1272202,38.1603194],[-121.1274884,38.1602139],[-121.1276171,38.1602181],[-121.1265807,38.1609166],[-121.1261194,38.1614565],[-121.1259048,38.1618572],[-121.1256098,38.1622157],[-121.1251366,38.1626358],[-121.1244178,38.1630239],[-121.1239479,38.1633883]]],[[[-121.1273382,38.1583588],[-121.1272792,38.1584432],[-121.1270807,38.1585908],[-121.1268607,38.1587005],[-121.1266623,38.1587722],[-121.126555,38.1588566],[-121.1265603,38.1592742],[-121.1264906,38.1592742],[-121.1263082,38.1590548],[-121.1262009,38.1589662],[-121.1261204,38.1589536],[-121.1257664,38.1589578],[-121.1256752,38.1589873],[-121.1252997,38.1589915],[-121.1251709,38.1589367],[-121.1250476,38.1589198],[-121.1248437,38.1588355],[-121.1245111,38.1588397],[-121.1242805,38.1589114],[-121.1241732,38.1589705],[-121.1240712,38.1589747],[-121.1234436,38.1587469],[-121.1233149,38.1584263],[-121.1273382,38.1583588]]],[[[-121.1270163,38.1601726],[-121.1269037,38.1601388],[-121.1269734,38.1599954],[-121.1270753,38.1597213],[-121.1270753,38.1595019],[-121.1268393,38.1591518],[-121.1268393,38.1589283],[-121.1276386,38.1584179],[-121.1282877,38.1583968],[-121.1284754,38.1582745],[-121.1285655,38.1581682],[-121.1285655,38.1580501],[-121.1284475,38.1576072],[-121.1285012,38.157468],[-121.1285334,38.1573246],[-121.1286407,38.1572191],[-121.1288445,38.1572191],[-121.1288445,38.1573541],[-121.1289625,38.1574553],[-121.1290698,38.1574933],[-121.1293809,38.1574891],[-121.1295955,38.1577759],[-121.1297243,38.1578771],[-121.1298369,38.1579952],[-121.1298101,38.1582315],[-121.129617,38.1588557],[-121.128852,38.1593509],[-121.1286213,38.1594775],[-121.1285033,38.1595956],[-121.1283907,38.1597432],[-121.1283638,38.1598444],[-121.1282512,38.1599288],[-121.1279776,38.16003],[-121.1278006,38.1600385],[-121.1277308,38.1600005],[-121.1275163,38.1600174],[-121.1271569,38.1601481],[-121.1270163,38.1601726]]]]}},{"type":"Feature","id":"a8354688-0e61-415d-9640-a1a2a0d59884","properties":{"field_id":"a8354688-0e61-415d-9640-a1a2a0d59884","legacy_id":44282806,"name":"AAA B4 PV","farm_id":"b6865226-10cd-4342-8241-5de32320bd67","farm_name":"Clements","area_value":21.53,"area_unit":"hectare","centroid":[-121.13029269712851,38.15417828454608]},"geometry":{"type":"Polygon","coordinates":[[[-121.1329901,38.1516349],[-121.133032,38.1547515],[-121.1326243,38.1549708],[-121.1321415,38.155207],[-121.1317338,38.1553378],[-121.1314763,38.155477],[-121.1313905,38.1555782],[-121.1311008,38.1560169],[-121.1309699,38.1561241],[-121.1306856,38.1563265],[-121.1305836,38.1563814],[-121.1302403,38.1564995],[-121.1300633,38.1566303],[-121.1299506,38.1567695],[-121.1299453,38.15709],[-121.1300365,38.1576131],[-121.1299399,38.1576721],[-121.1298541,38.1576806],[-121.12972,38.1575878],[-121.1295698,38.1573726],[-121.1294625,38.1571238],[-121.129382,38.1571027],[-121.1291835,38.156955],[-121.129087,38.1568201],[-121.1289904,38.1568074],[-121.128808,38.1568327],[-121.1283842,38.1570605],[-121.1282018,38.1570605],[-121.1280731,38.1569044],[-121.1280731,38.1568201],[-121.1280463,38.1567146],[-121.1279497,38.1566598],[-121.1277888,38.1564742],[-121.1276815,38.1562548],[-121.1273628,38.1557773],[-121.1270839,38.1554357],[-121.1268747,38.1547903],[-121.1286557,38.1547818],[-121.1286557,38.1516687],[-121.1329901,38.1516349]]]}},{"type":"Feature","id":"8a44e5ad-14df-48b2-91dd-45ffc235cac5","properties":{"field_id":"8a44e5ad-14df-48b2-91dd-45ffc235cac5","legacy_id":44282810,"name":"Atkins B5 CS","farm_id":"4bdf51c3-5ba3-4050-9df9-260157af2823","farm_name":"Clements","area_value":13.88,"area_unit":"hectare","centroid":[-121.09887779510164,38.167848510558954]},"geometry":{"type":"MultiPolygon","coordinates":[[[[-121.0966816,38.1661551],[-121.101,38.1661172],[-121.1010289,38.16953],[-121.0997146,38.1695511],[-121.0985184,38.1684714],[-121.0984057,38.1683913],[-121.0983253,38.1683575],[-121.0969037,38.1683449],[-121.096893,38.1675958],[-121.0966569,38.167482],[-121.0966591,38.1662302],[-121.0966816,38.1661551]]],[[[-121.0994636,38.1697535],[-121.0967277,38.1697451],[-121.0967063,38.1696818],[-121.096658,38.1687202],[-121.0966955,38.1686064],[-121.0981439,38.1685853],[-121.0992222,38.1695131],[-121.0994636,38.1697535]]]]}},{"type":"Feature","id":"daa49edd-d684-4348-925b-3d464d8ca891","properties":{"field_id":"daa49edd-d684-4348-925b-3d464d8ca891","legacy_id":44282811,"name":"Norgaard B1 CS","farm_id":"b6865226-10cd-4342-8241-5de32320bd67","farm_name":"Clements","area_value":24.06,"area_unit":"hectare","centroid":[-121.10075943436122,38.16412532854901]},"geometry":{"type":"Polygon","coordinates":[[[-121.0967342,38.1625009],[-121.104357,38.1624705],[-121.1043988,38.1658767],[-121.1043452,38.1659316],[-121.0983907,38.1659518],[-121.0983156,38.1659139],[-121.0983113,38.1647785],[-121.096702,38.1647658],[-121.0966376,38.1647236],[-121.0966483,38.1643356],[-121.0968039,38.1643314],[-121.0968039,38.1641585],[-121.0966537,38.1641458],[-121.0966269,38.1630576],[-121.0966483,38.1629817],[-121.0966698,38.1625388],[-121.0967342,38.1625009]]]}},{"type":"Feature","id":"3357f47b-92ff-4f99-ae4a-d8cb30699694","properties":{"field_id":"3357f47b-92ff-4f99-ae4a-d8cb30699694","legacy_id":44282813,"name":"Rootstock 1 B1 CH","farm_id":"28d64406-a6e5-4452-b71a-561144594f37","farm_name":"Clements","area_value":10.75,"area_unit":"hectare","centroid":[-121.09251893458048,38.16159861131772]},"geometry":{"type":"Polygon","coordinates":[[[-121.0961602,38.1621204],[-121.0952622,38.1621381],[-121.0949982,38.1623583],[-121.0887122,38.1624351],[-121.0886747,38.1622453],[-121.0887498,38.161891],[-121.0890448,38.1616337],[-121.0898119,38.1610347],[-121.0903001,38.1608407],[-121.0907882,38.1604864],[-121.0912067,38.1604906],[-121.0927999,38.1608913],[-121.0960314,38.1608508],[-121.0961548,38.1608888],[-121.0962406,38.1609858],[-121.0962728,38.1619391],[-121.0962138,38.1620867],[-121.0961602,38.1621204]]]}},{"type":"Feature","id":"7147b577-063e-4c77-97e6-8b84ad1d4113","properties":{"field_id":"7147b577-063e-4c77-97e6-8b84ad1d4113","legacy_id":44282815,"name":"Lane","farm_id":"b6865226-10cd-4342-8241-5de32320bd67","farm_name":"Clements","area_value":29.77,"area_unit":"hectare","centroid":[-121.02364687271152,38.20496862753783]},"geometry":{"type":"MultiPolygon","coordinates":[[[[-121.0278282,38.2032085],[-121.027795,38.2048339],[-121.0278379,38.2048803],[-121.0278411,38.2059257],[-121.027766,38.2059257],[-121.0277499,38.206107],[-121.0278572,38.2061786],[-121.0278572,38.206381],[-121.0277821,38.2064147],[-121.0277606,38.2065496],[-121.0278572,38.2066002],[-121.0278518,38.2067435],[-121.0277874,38.2068573],[-121.0197419,38.206762],[-121.0195756,38.2066988],[-121.0194308,38.2065597],[-121.0194308,38.206467],[-121.0195917,38.2064628],[-121.0196829,38.2064164],[-121.0196829,38.2062351],[-121.0195488,38.2061045],[-121.0194522,38.2059611],[-121.0194308,38.2057799],[-121.0193235,38.2056281],[-121.0191464,38.2055733],[-121.0190445,38.2055733],[-121.018889,38.2054806],[-121.0188943,38.2052487],[-121.019243,38.2050169],[-121.0192591,38.2045111],[-121.0191561,38.2044428],[-121.0189308,38.2043627],[-121.0188611,38.2042868],[-121.0188771,38.2034184],[-121.0202183,38.2034226],[-121.0223061,38.20363],[-121.022349,38.2037059],[-121.0224348,38.2037986],[-121.0224348,38.2039335],[-121.0223866,38.2039926],[-121.0223651,38.2041696],[-121.0227138,38.204178],[-121.0227245,38.2037776],[-121.0232663,38.2037481],[-121.0235023,38.2037607],[-121.0235184,38.2038366],[-121.0241139,38.2038492],[-121.0241675,38.2038998],[-121.0249786,38.2039335],[-121.0253756,38.2039335],[-121.0254668,38.2038197],[-121.0260515,38.2036722],[-121.0261695,38.2036764],[-121.0262876,38.2036132],[-121.0266523,38.2035289],[-121.0269109,38.2034859],[-121.0271448,38.2033661],[-121.0275675,38.203356],[-121.0275954,38.2032228],[-121.0278282,38.2032085]]],[[[-121.0278078,38.2027161],[-121.0273722,38.202797],[-121.0273776,38.2029581],[-121.027795,38.2028982],[-121.0278132,38.2030297],[-121.0272306,38.2031073],[-121.0272564,38.2032068],[-121.0266255,38.2032869],[-121.0265536,38.2032203],[-121.0263916,38.2032439],[-121.0263208,38.203442],[-121.0258209,38.2035095],[-121.0257221,38.2036427],[-121.025146,38.2037211],[-121.0250173,38.2035744],[-121.0244336,38.2036595],[-121.0239701,38.2036924],[-121.0237513,38.2035482],[-121.0232277,38.2035904],[-121.0229809,38.2034429],[-121.0225292,38.2035162],[-121.0224348,38.2034504],[-121.0220497,38.2034977],[-121.0220164,38.2033552],[-121.02151,38.2034142],[-121.0213083,38.2032734],[-121.020936,38.2033206],[-121.0208899,38.2032827],[-121.0246375,38.202792],[-121.024646,38.2029867],[-121.0247072,38.2035407],[-121.0250494,38.2035027],[-121.0262897,38.2027962],[-121.0264184,38.2027498],[-121.0265418,38.2025053],[-121.0277756,38.202362],[-121.0278078,38.2027161]]]]}},{"type":"Feature","id":"9ace4c19-6c85-4d2a-b9bb-bbe70aeec774","properties":{"field_id":"9ace4c19-6c85-4d2a-b9bb-bbe70aeec774","legacy_id":44282818,"name":"Sowles B1 PN","farm_id":"ebaa9af2-da7b-4e73-b7ef-1045f73b5392","farm_name":"Clements","area_value":33.3,"area_unit":"hectare","centroid":[-121.18753470551664,38.230208678711215]},"geometry":{"type":"Polygon","coordinates":[[[-121.1855786,38.2325659],[-121.1854337,38.2324917],[-121.1852996,38.2262551],[-121.1853747,38.2261792],[-121.187439,38.2261792],[-121.1874819,38.226132],[-121.1891159,38.2261152],[-121.1892371,38.2264826],[-121.1896019,38.2266849],[-121.189707,38.2342758],[-121.189648,38.2343542],[-121.1894925,38.2343685],[-121.1887801,38.2343171],[-121.1867212,38.2343399],[-121.1864948,38.234157],[-121.1856226,38.2341578],[-121.1855786,38.2325659]]]}},{"type":"Feature","id":"1f44242d-9321-4828-b346-81e4221ef370","properties":{"field_id":"1f44242d-9321-4828-b346-81e4221ef370","legacy_id":44282823,"name":"Lauchland","farm_id":"328daa73-5134-4183-8e92-06359f0a1eb5","farm_name":"Clements","area_value":17.64,"area_unit":"hectare","centroid":[-121.18715714354485,38.221292240660055]},"geometry":{"type":"Polygon","coordinates":[[[-121.1894206,38.218837],[-121.189485,38.2188665],[-121.1895547,38.2203247],[-121.1894259,38.2204638],[-121.1892328,38.2205312],[-121.1885784,38.2205607],[-121.1884078,38.2206104],[-121.1884539,38.2214735],[-121.1884604,38.2224833],[-121.1892929,38.2224648],[-121.1895053,38.2225002],[-121.1895407,38.2231576],[-121.1895622,38.2232706],[-121.1894367,38.2233161],[-121.1873242,38.2233456],[-121.1873446,38.2241699],[-121.1853576,38.2242247],[-121.1853651,38.2238395],[-121.1854938,38.2235816],[-121.1855121,38.2233085],[-121.1853844,38.2230935],[-121.1853629,38.2226367],[-121.1854659,38.2223619],[-121.1854359,38.2215764],[-121.1852621,38.2214306],[-121.1852696,38.2195332],[-121.1852556,38.2192213],[-121.1852835,38.2189423],[-121.1866847,38.2189179],[-121.1894206,38.218837]]]}},{"type":"Feature","id":"47f06e33-ebcb-42bb-95c1-33850d102462","properties":{"field_id":"47f06e33-ebcb-42bb-95c1-33850d102462","legacy_id":44282833,"name":"Bohn Ridge TD","farm_id":"60c8f588-a8a2-4c9f-8f4a-381d0bde39e1","farm_name":"Clements","area_value":9.06,"area_unit":"hectare","centroid":[-121.05216055801509,38.190373524184366]},"geometry":{"type":"MultiPolygon","coordinates":[[[[-121.0508448,38.1904007],[-121.0508448,38.1907591],[-121.050877,38.190894],[-121.0510218,38.1909868],[-121.0512364,38.1910289],[-121.0514241,38.1910374],[-121.0514456,38.1912397],[-121.0514885,38.1913747],[-121.0517138,38.1916023],[-121.0518962,38.1917288],[-121.0521322,38.1917794],[-121.0521483,38.1924287],[-121.0518748,38.1923865],[-121.0513866,38.1921336],[-121.0512418,38.1920324],[-121.0511023,38.1920155],[-121.0510862,38.192083],[-121.0511345,38.1921378],[-121.0514617,38.1923191],[-121.0514188,38.1924456],[-121.0512525,38.192454],[-121.0511345,38.1924076],[-121.0510218,38.1923317],[-121.0509521,38.192201],[-121.0509092,38.1920493],[-121.0508448,38.1919312],[-121.0507482,38.1918131],[-121.0507214,38.1904007],[-121.0508448,38.1904007]]],[[[-121.0534358,38.1885498],[-121.0534272,38.1894715],[-121.0534884,38.1912634],[-121.0534669,38.1918789],[-121.0535313,38.1920012],[-121.0534616,38.1920897],[-121.0532845,38.1921783],[-121.0530163,38.1922289],[-121.0527374,38.1923596],[-121.0523243,38.1924439],[-121.0522707,38.1923933],[-121.0522438,38.1916681],[-121.0521902,38.1915838],[-121.0520132,38.1914447],[-121.0519005,38.191335],[-121.05182,38.191217],[-121.0516216,38.1907448],[-121.0512203,38.19062],[-121.0511452,38.1905019],[-121.0511076,38.1903881],[-121.0510164,38.1902911],[-121.0508341,38.1903206],[-121.0507643,38.1902658],[-121.0508019,38.1901309],[-121.0509682,38.1900761],[-121.0509306,38.1900213],[-121.050759,38.1900423],[-121.0507697,38.1890431],[-121.0508072,38.1889124],[-121.050759,38.1888702],[-121.0507643,38.1885919],[-121.0509306,38.1885371],[-121.0521913,38.1885456],[-121.0523576,38.1887227],[-121.0524434,38.18871],[-121.0525078,38.1886088],[-121.0526258,38.1885076],[-121.0533983,38.1885161],[-121.0534358,38.1885498]]]]}},{"type":"Feature","id":"a4cd8499-25c8-42ca-8b78-fe862d08f340","properties":{"field_id":"a4cd8499-25c8-42ca-8b78-fe862d08f340","legacy_id":44282836,"name":"Bohn Ridge ZN","farm_id":"60c8f588-a8a2-4c9f-8f4a-381d0bde39e1","farm_name":"Clements","area_value":10.15,"area_unit":"hectare","centroid":[-121.05539018989401,38.19016975133912]},"geometry":{"type":"Polygon","coordinates":[[[-121.0572789,38.1884359],[-121.0579655,38.1884486],[-121.0580299,38.1885582],[-121.0580353,38.1894394],[-121.0563079,38.1901351],[-121.0562757,38.1902532],[-121.056059,38.1924666],[-121.0558176,38.1925678],[-121.0557103,38.1924835],[-121.0555011,38.1924161],[-121.0551417,38.1924118],[-121.0548735,38.1924709],[-121.054734,38.1925383],[-121.0546052,38.1925215],[-121.0542834,38.1923528],[-121.0541332,38.1921842],[-121.0541332,38.1920282],[-121.054101,38.1917879],[-121.0541064,38.1916361],[-121.054219,38.1915391],[-121.0547662,38.191303],[-121.0545623,38.1909699],[-121.0545731,38.1907338],[-121.0545087,38.1906495],[-121.0541332,38.1908055],[-121.0540581,38.1907169],[-121.0537148,38.1907085],[-121.0535431,38.190582],[-121.0535334,38.189689],[-121.0538875,38.1895499],[-121.0539304,38.1894529],[-121.0538768,38.1893939],[-121.0537856,38.1893644],[-121.053512,38.189474],[-121.053512,38.1885675],[-121.0536675,38.1885042],[-121.0552393,38.1884747],[-121.0552822,38.1885548],[-121.0551857,38.1886729],[-121.0550355,38.1887614],[-121.0550516,38.1890987],[-121.0554861,38.1892463],[-121.0558991,38.1890987],[-121.0561137,38.1889765],[-121.0561996,38.1888247],[-121.0562317,38.1887066],[-121.0563068,38.1886139],[-121.0564399,38.1885118],[-121.0566062,38.1884739],[-121.0568315,38.1884486],[-121.0569227,38.1884781],[-121.0569334,38.1885751],[-121.0568422,38.1886636],[-121.056987,38.1888449],[-121.0569602,38.1889588],[-121.0567188,38.1892961],[-121.0566491,38.1896039],[-121.0565257,38.1899918],[-121.0568047,38.1898737],[-121.0567939,38.1898062],[-121.0568261,38.1896207],[-121.0568851,38.1894099],[-121.056987,38.1892202],[-121.057148,38.1890136],[-121.0572124,38.1888787],[-121.0571587,38.1887648],[-121.0571051,38.1885413],[-121.0571265,38.1884908],[-121.0572789,38.1884359]]]}},{"type":"Feature","id":"10fe67a5-a701-476d-bf2d-fb8167da8816","properties":{"field_id":"10fe67a5-a701-476d-bf2d-fb8167da8816","legacy_id":44282900,"name":"Paddy Creek B4B CH","farm_id":"31e72a6f-bae2-4a48-9875-165ab1615cfb","farm_name":"Clements","area_value":24.83,"area_unit":"hectare","centroid":[-121.13786659255534,38.10686042403299]},"geometry":{"type":"Polygon","coordinates":[[[-121.1424594,38.105396],[-121.1424594,38.1062149],[-121.1414402,38.1065273],[-121.1424809,38.1068903],[-121.1391013,38.1068903],[-121.1389618,38.106865],[-121.1387579,38.1068987],[-121.1387472,38.1070507],[-121.1390691,38.1070423],[-121.1391549,38.1069663],[-121.1424701,38.1069747],[-121.1424594,38.1083001],[-121.1334364,38.108317],[-121.1334579,38.1054129],[-121.1424594,38.105396]]]}},{"type":"Feature","id":"380f90c0-a4a8-48e7-8c2d-a54b2d2c9e5b","properties":{"field_id":"380f90c0-a4a8-48e7-8c2d-a54b2d2c9e5b","legacy_id":44286594,"name":"Winter Wheat","farm_id":"b6ca223d-7dc0-4946-89eb-aff618fa8425","farm_name":"Delta","area_value":35.43,"area_unit":"hectare","centroid":[-121.5972554999015,38.34182233392528]},"geometry":{"type":"Polygon","coordinates":[[[-121.6014004,38.3440292],[-121.5930533,38.3438777],[-121.5930426,38.3436589],[-121.5929353,38.3434738],[-121.5930104,38.3396029],[-121.6015291,38.3397712],[-121.6015506,38.3439282],[-121.6014004,38.3440292]]]}},{"type":"Feature","id":"7a90f708-4f79-40a7-9011-4151a4cc66cf","properties":{"field_id":"7a90f708-4f79-40a7-9011-4151a4cc66cf","legacy_id":44294276,"name":"La Prima 5 CS","farm_id":"1e5cde21-3f90-4ea9-b6b9-2550e980779a","farm_name":"Lodi","area_value":17.03,"area_unit":"hectare","centroid":[-121.34630384782442,38.165404814295776]},"geometry":{"type":"Polygon","coordinates":[[[-121.3485646,38.167385],[-121.3441443,38.167385],[-121.3440478,38.1634119],[-121.3484681,38.1634372],[-121.3485646,38.167385]]]}},{"type":"Feature","id":"82d7ac27-6b39-4c16-b49f-2696f1809839","properties":{"field_id":"82d7ac27-6b39-4c16-b49f-2696f1809839","legacy_id":44217589,"name":"La Prima B4 PS North","farm_id":"1e5cde21-3f90-4ea9-b6b9-2550e980779a","farm_name":"Lodi","area_value":9.07,"area_unit":"hectare","centroid":[-121.35091487284052,38.166359190184444]},"geometry":{"type":"Polygon","coordinates":[[[-121.3531566,38.1653352],[-121.353178,38.1674103],[-121.3486848,38.1673782],[-121.348629,38.1653183],[-121.3531566,38.1653352]]]}},{"type":"Feature","id":"727d3c5f-531f-43af-b8dc-b11b82fe3855","properties":{"field_id":"727d3c5f-531f-43af-b8dc-b11b82fe3855","legacy_id":44294279,"name":"La Prima B4 PS SOUTH","farm_id":"1e5cde21-3f90-4ea9-b6b9-2550e980779a","farm_name":"Lodi","area_value":8.44,"area_unit":"hectare","centroid":[-121.35085745812736,38.16437131501088]},"geometry":{"type":"Polygon","coordinates":[[[-121.3531727,38.165331],[-121.3486236,38.1653225],[-121.3485539,38.1634119],[-121.3530761,38.1634161],[-121.3531727,38.165331]]]}},{"type":"Feature","id":"9bc4977b-4916-45de-9adc-4959b0e41068","properties":{"field_id":"9bc4977b-4916-45de-9adc-4959b0e41068","legacy_id":44234476,"name":"La Prima 4 PS ALL","farm_id":"1e5cde21-3f90-4ea9-b6b9-2550e980779a","farm_name":"Lodi","area_value":17.67,"area_unit":"hectare","centroid":[-121.35090367240598,38.16540054992407]},"geometry":{"type":"Polygon","coordinates":[[[-121.3530707,38.1634119],[-121.3532639,38.1674271],[-121.3486934,38.1673765],[-121.3485861,38.1633613],[-121.3530707,38.1634119]]]}},{"type":"Feature","id":"aa6de8b2-c0fc-4857-9112-58ecc38ba343","properties":{"field_id":"aa6de8b2-c0fc-4857-9112-58ecc38ba343","legacy_id":44217596,"name":"LT 38","farm_id":"5edddc90-fa36-43b9-9b63-46b4efd17c7c","farm_name":"Lodi","area_value":7.6,"area_unit":"hectare","centroid":[-121.29697908835232,38.19290581868787]},"geometry":{"type":"Polygon","coordinates":[[[-121.2992013,38.1937905],[-121.2948078,38.1937989],[-121.2947488,38.1920366],[-121.2948936,38.192045],[-121.294958,38.1920282],[-121.299094,38.1920029],[-121.2991476,38.1921125],[-121.2992013,38.1937905]]]}},{"type":"Feature","id":"d251bce5-8b7d-4071-8ed8-a76ea3805cb1","properties":{"field_id":"d251bce5-8b7d-4071-8ed8-a76ea3805cb1","legacy_id":44457356,"name":"LT Exotics VI","farm_id":"5edddc90-fa36-43b9-9b63-46b4efd17c7c","farm_name":"Lodi","area_value":10.58,"area_unit":"hectare","centroid":[-121.29713142409975,38.19510132542983]},"geometry":{"type":"Polygon","coordinates":[[[-121.2992677,38.1952554],[-121.2993139,38.1964634],[-121.2949955,38.1964803],[-121.2949795,38.1961514],[-121.2952155,38.196143],[-121.2955052,38.1961894],[-121.2958109,38.1961767],[-121.2958592,38.1962231],[-121.2962455,38.1962104],[-121.2962186,38.1957298],[-121.2954032,38.1957467],[-121.2953818,38.1960713],[-121.2949258,38.1960629],[-121.2948346,38.19382],[-121.299212,38.1937989],[-121.2992671,38.1952408],[-121.2949097,38.1952534],[-121.2949044,38.1953293],[-121.2992549,38.1953125],[-121.2992677,38.1952554]]]}},{"type":"Feature","id":"e55dba12-23bf-472c-981c-9b67ea28d934","properties":{"field_id":"e55dba12-23bf-472c-981c-9b67ea28d934","legacy_id":44506946,"name":"98 Oaks B8 PS","farm_id":"3b84d960-ade6-418f-b6f3-3c2b2d36e42d","farm_name":"Clements","area_value":9.94,"area_unit":"hectare","centroid":[-121.06175307827924,38.161590379992894]},"geometry":{"type":"Polygon","coordinates":[[[-121.0650605,38.1627329],[-121.0611606,38.162775],[-121.0613537,38.1626063],[-121.0612839,38.1625051],[-121.0611176,38.1624924],[-121.0608977,38.1625135],[-121.0608923,38.162775],[-121.0597122,38.1627877],[-121.0596371,38.1596411],[-121.0607153,38.1601431],[-121.0624158,38.1601388],[-121.0624534,38.1601852],[-121.0624695,38.1607968],[-121.0625285,38.1608475],[-121.0630596,38.1608685],[-121.0631078,38.1609065],[-121.0631239,38.1614506],[-121.0628718,38.1614633],[-121.0628182,38.1614844],[-121.0628182,38.1616193],[-121.0631347,38.1616278],[-121.0631293,38.1618176],[-121.063199,38.1618598],[-121.0648727,38.1618302],[-121.0649961,38.1618471],[-121.065039,38.1619104],[-121.0650605,38.1627329]],[[-121.059975,38.1609711],[-121.0600559,38.1609448],[-121.0600894,38.1608812],[-121.0600559,38.1608176],[-121.059975,38.1607913],[-121.0598942,38.1608176],[-121.0598607,38.1608812],[-121.0598942,38.1609448],[-121.059975,38.1609711]],[[-121.060093,38.1604312],[-121.0601739,38.1604049],[-121.0602074,38.1603413],[-121.0601739,38.1602777],[-121.060093,38.1602514],[-121.0600122,38.1602777],[-121.0599787,38.1603413],[-121.0600122,38.1604049],[-121.060093,38.1604312]],[[-121.0603827,38.1617135],[-121.0604636,38.1616871],[-121.0604971,38.1616236],[-121.0604636,38.16156],[-121.0603827,38.1615337],[-121.0603019,38.16156],[-121.0602684,38.1616236],[-121.0603019,38.1616871],[-121.0603827,38.1617135]],[[-121.0605544,38.1610639],[-121.0606352,38.1610376],[-121.0606687,38.160974],[-121.0606352,38.1609104],[-121.0605544,38.1608841],[-121.0604735,38.1609104],[-121.06044,38.160974],[-121.0604735,38.1610376],[-121.0605544,38.1610639]],[[-121.0609192,38.1622997],[-121.061,38.1622734],[-121.0610335,38.1622098],[-121.061,38.1621463],[-121.0609192,38.1621199],[-121.0608383,38.1621463],[-121.0608048,38.1622098],[-121.0608383,38.1622734],[-121.0609192,38.1622997]],[[-121.0616863,38.1612537],[-121.0617671,38.1612274],[-121.0618006,38.1611638],[-121.0617671,38.1611002],[-121.0616863,38.1610739],[-121.0616054,38.1611002],[-121.0615719,38.1611638],[-121.0616054,38.1612274],[-121.0616863,38.1612537]],[[-121.0641325,38.1623841],[-121.0642133,38.1623578],[-121.0642468,38.1622942],[-121.0642133,38.1622306],[-121.0641325,38.1622043],[-121.0640516,38.1622306],[-121.0640181,38.1622942],[-121.0640516,38.1623578],[-121.0641325,38.1623841]]]}},{"type":"Feature","id":"a30c00f3-1d28-4c14-a066-e9999af550fc","properties":{"field_id":"a30c00f3-1d28-4c14-a066-e9999af550fc","legacy_id":44506950,"name":"98 Oaks B10 ZN","farm_id":"3b84d960-ade6-418f-b6f3-3c2b2d36e42d","farm_name":"Clements","area_value":7.55,"area_unit":"hectare","centroid":[-121.06120823441992,38.15842070487208]},"geometry":{"type":"Polygon","coordinates":[[[-121.0616434,38.1564818],[-121.0623461,38.1564649],[-121.0623944,38.1565155],[-121.0624266,38.1600292],[-121.062389,38.1601009],[-121.0611123,38.1601009],[-121.0611123,38.1598689],[-121.0607743,38.1598647],[-121.0608011,38.1601009],[-121.0607153,38.1600924],[-121.0596693,38.1595694],[-121.0596317,38.1591856],[-121.0596907,38.1591054],[-121.0597014,38.1590253],[-121.0596585,38.1589536],[-121.0596263,38.1578274],[-121.0605919,38.157279],[-121.0615361,38.1565408],[-121.0616434,38.1564818]],[[-121.0600823,38.1586161],[-121.060077,38.1584221],[-121.0597873,38.1584052],[-121.0597658,38.1585782],[-121.0598999,38.158633],[-121.0600823,38.1586161]],[[-121.0606885,38.158034],[-121.0606778,38.1578442],[-121.0602969,38.1578358],[-121.0603184,38.1580425],[-121.0606885,38.158034]],[[-121.0606939,38.1586625],[-121.0606939,38.1584221],[-121.0603613,38.1584137],[-121.0603613,38.1586752],[-121.0606939,38.1586625]],[[-121.0609084,38.159367],[-121.0609138,38.1591476],[-121.0605544,38.159135],[-121.0605544,38.1593712],[-121.0609084,38.159367]],[[-121.061579,38.1595779],[-121.0615736,38.1593585],[-121.061241,38.1593416],[-121.0612142,38.1595905],[-121.061579,38.1595779]],[[-121.0620296,38.159987],[-121.0620296,38.1597888],[-121.0616648,38.1597888],[-121.0616541,38.1599997],[-121.0620296,38.159987]]]}},{"type":"Feature","id":"cfe064a5-e221-4bc6-b274-372e74267fef","properties":{"field_id":"cfe064a5-e221-4bc6-b274-372e74267fef","legacy_id":44217693,"name":"Runyon","farm_id":"b179f64b-bc19-4522-af2f-6d9f1aa63382","farm_name":"Delta","area_value":15.5,"area_unit":"hectare","centroid":[-121.56888424488619,38.30593102312351]},"geometry":{"type":"MultiPolygon","coordinates":[[[[-121.5705872,38.3033499],[-121.5714455,38.3044444],[-121.5715849,38.3050337],[-121.5711772,38.3052105],[-121.5709841,38.3055894],[-121.5702868,38.305884],[-121.5700507,38.3058672],[-121.5688598,38.3064144],[-121.5684199,38.306305],[-121.568141,38.3060693],[-121.5678298,38.3062797],[-121.5680444,38.3064818],[-121.5683448,38.3063976],[-121.5687954,38.3065323],[-121.569804,38.3078877],[-121.5681517,38.3086454],[-121.5657485,38.3054799],[-121.5705872,38.3033499]]],[[[-121.5694016,38.3062545],[-121.5697557,38.3067091],[-121.570496,38.3063639],[-121.5706784,38.3064186],[-121.570791,38.3066039],[-121.5706193,38.3066712],[-121.5706354,38.3067175],[-121.5708447,38.3066333],[-121.5712523,38.3072142],[-121.5699327,38.3078414],[-121.5689027,38.306486],[-121.5694016,38.3062545]]]]}},{"type":"Feature","id":"72c1dfb9-2478-4c2f-8608-15ed80744aca","properties":{"field_id":"72c1dfb9-2478-4c2f-8608-15ed80744aca","legacy_id":44217593,"name":"LT 80 PV","farm_id":"5edddc90-fa36-43b9-9b63-46b4efd17c7c","farm_name":"Lodi","area_value":10.04,"area_unit":"hectare","centroid":[-121.28711602850413,38.191992970521994]},"geometry":{"type":"Polygon","coordinates":[[[-121.2847179,38.1930224],[-121.2840146,38.1911133],[-121.2899315,38.1910627],[-121.2899691,38.1928334],[-121.2871742,38.1928545],[-121.2870401,38.1928208],[-121.286847,38.1928334],[-121.2868631,38.1929515],[-121.2872601,38.1929641],[-121.287244,38.1929136],[-121.2899637,38.1928967],[-121.2899647,38.1929184],[-121.2847179,38.1930224]]]}},{"type":"Feature","id":"d4d959f7-6343-4f69-bd04-48bff5d41c7c","properties":{"field_id":"d4d959f7-6343-4f69-bd04-48bff5d41c7c","legacy_id":44748582,"name":"Webster CH","farm_id":"0880b959-0b4e-4d32-b4a2-47794ca8a2c4","farm_name":"Clements","area_value":21.56,"area_unit":"hectare","centroid":[-121.08019748116558,38.15251888512681]},"geometry":{"type":"Polygon","coordinates":[[[-121.0824131,38.1536683],[-121.0824401,38.1552306],[-121.0781593,38.155256],[-121.0780134,38.149907],[-121.0823479,38.1498901],[-121.0824069,38.1533058],[-121.082217,38.1533265],[-121.0818093,38.1533265],[-121.0814928,38.1534404],[-121.0813587,38.1535712],[-121.0813587,38.1536387],[-121.0814981,38.1538074],[-121.081466,38.1539171],[-121.0812889,38.1538833],[-121.0812943,38.1537863],[-121.081187,38.1537441],[-121.0810636,38.1537315],[-121.0810261,38.1538454],[-121.0781239,38.1538909],[-121.0781379,38.1539533],[-121.0809242,38.1539002],[-121.0810851,38.153955],[-121.080951,38.1540478],[-121.0810422,38.1541238],[-121.0812353,38.1541322],[-121.081246,38.1540099],[-121.0814821,38.1540099],[-121.0814874,38.154187],[-121.0816859,38.1542334],[-121.0818093,38.1541449],[-121.0817986,38.1540183],[-121.0822867,38.1536724],[-121.0824131,38.1536683]]]}},{"type":"Feature","id":"ea3d376b-a957-4654-b36b-b7b80f9ba41a","properties":{"field_id":"ea3d376b-a957-4654-b36b-b7b80f9ba41a","legacy_id":44976797,"name":"Bear Creek CH","farm_id":"5a96d97d-40ab-4f27-81df-78c0484aa0b8","farm_name":"Clements","area_value":24.16,"area_unit":"hectare","centroid":[-121.08251624398622,38.16410982510591]},"geometry":{"type":"Polygon","coordinates":[[[-121.0871823,38.1654533],[-121.0805519,38.1655461],[-121.0782988,38.1655967],[-121.0782237,38.1641795],[-121.0785241,38.1640193],[-121.0785134,38.163918],[-121.0782559,38.1639012],[-121.0782237,38.1625937],[-121.0785134,38.1625852],[-121.0785992,38.1627371],[-121.0788996,38.1627286],[-121.0788996,38.1626105],[-121.0846395,38.1625262],[-121.0848756,38.1626865],[-121.0851545,38.1629817],[-121.0853798,38.1632601],[-121.0858626,38.1633276],[-121.0859699,38.1632516],[-121.0860558,38.1631589],[-121.0862274,38.1630829],[-121.0865171,38.1631251],[-121.0871286,38.1632938],[-121.0871608,38.1634625],[-121.0871823,38.1654533]]]}},{"type":"Feature","id":"e0d084c8-ede8-4650-941c-31ef9ac4119c","properties":{"field_id":"e0d084c8-ede8-4650-941c-31ef9ac4119c","legacy_id":44205530,"name":"98 Oaks B11 CF","farm_id":"3b84d960-ade6-418f-b6f3-3c2b2d36e42d","farm_name":"Clements","area_value":8.41,"area_unit":"hectare","centroid":[-121.06349357973477,38.1561861013129]},"geometry":{"type":"MultiPolygon","coordinates":[[[[-121.0596156,38.1577008],[-121.0595727,38.1559461],[-121.0596263,38.155617],[-121.060195,38.1556086],[-121.0605168,38.155693],[-121.0611176,38.1559461],[-121.0613108,38.1560642],[-121.0614288,38.1562498],[-121.061638,38.1564438],[-121.0609621,38.1569289],[-121.0604203,38.1573507],[-121.0598365,38.1576383],[-121.0596156,38.1577008]]],[[[-121.0609782,38.1555917],[-121.0680163,38.1554905],[-121.0679626,38.1556592],[-121.0676193,38.155752],[-121.0676837,38.1559714],[-121.0675013,38.1561232],[-121.067512,38.156545],[-121.0671794,38.1564101],[-121.0669971,38.1564776],[-121.0670078,38.1566969],[-121.0670936,38.1569162],[-121.0668683,38.1569753],[-121.0664606,38.156815],[-121.0663104,38.156621],[-121.0647118,38.1566463],[-121.0642505,38.1566969],[-121.0641003,38.1565704],[-121.0637462,38.1564354],[-121.0635746,38.1563341],[-121.0631025,38.156292],[-121.0625446,38.1561992],[-121.0623085,38.1562245],[-121.0621476,38.156292],[-121.0619009,38.1561148],[-121.0609782,38.1555917]]]]}},{"type":"Feature","id":"24d4dcde-c021-4f57-a7a1-d684474c9a09","properties":{"field_id":"24d4dcde-c021-4f57-a7a1-d684474c9a09","legacy_id":44199005,"name":"98 Oaks High Wire Cabs","farm_id":"3b84d960-ade6-418f-b6f3-3c2b2d36e42d","farm_name":"Clements","area_value":31.85,"area_unit":"hectare","centroid":[-121.07039790473743,38.15947376958671]},"geometry":{"type":"MultiPolygon","coordinates":[[[[-121.0698295,38.1584896],[-121.0695934,38.1586414],[-121.0697383,38.158768],[-121.0697973,38.1589494],[-121.0698241,38.1593796],[-121.0701084,38.1593965],[-121.0701513,38.1594766],[-121.0701084,38.1595821],[-121.070044,38.1595947],[-121.0697758,38.1595989],[-121.0682523,38.1595905],[-121.068247,38.1593712],[-121.0685259,38.1593585],[-121.0686547,38.1593121],[-121.0686868,38.1592024],[-121.0685956,38.1591097],[-121.0683221,38.1590928],[-121.0682148,38.1591518],[-121.068188,38.1593079],[-121.0641539,38.159367],[-121.0640466,38.1593121],[-121.0638857,38.1592615],[-121.063655,38.1593121],[-121.063537,38.159388],[-121.0625607,38.1593838],[-121.062507,38.1593543],[-121.0624641,38.1564986],[-121.0625231,38.1564522],[-121.0627109,38.1564101],[-121.0628879,38.1564269],[-121.0629791,38.1565324],[-121.0632902,38.1566842],[-121.0637355,38.1568108],[-121.0638911,38.1568994],[-121.0641485,38.1569584],[-121.0642987,38.1570217],[-121.0644972,38.1570259],[-121.0646045,38.1570006],[-121.0648245,38.1568192],[-121.0661656,38.1567897],[-121.066246,38.1568741],[-121.0662889,38.1569964],[-121.0664874,38.1571061],[-121.0666966,38.1571946],[-121.0670292,38.1571778],[-121.0671633,38.1570934],[-121.0674101,38.1568192],[-121.0676193,38.1566716],[-121.0678071,38.1565957],[-121.0679519,38.1566505],[-121.0680753,38.1568024],[-121.0683382,38.1569837],[-121.0684884,38.1573001],[-121.0690141,38.157878],[-121.0692394,38.1580045],[-121.0697061,38.1583251],[-121.0698295,38.1584896]],[[-121.0632688,38.1581564],[-121.0630274,38.1581479],[-121.0630274,38.1582913],[-121.0630596,38.1583546],[-121.0632151,38.1583968],[-121.0634351,38.1585402],[-121.0636604,38.1586541],[-121.0638696,38.1586625],[-121.0639232,38.1584516],[-121.0632688,38.1581564]],[[-121.065715,38.1588566],[-121.0658169,38.1587933],[-121.0658705,38.1586457],[-121.0664284,38.1586499],[-121.0664928,38.1585571],[-121.0664606,38.1584137],[-121.0663265,38.1583167],[-121.0662997,38.158169],[-121.0662138,38.1580762],[-121.0660154,38.1579834],[-121.0658866,38.1579623],[-121.0655916,38.1579497],[-121.0655218,38.1580383],[-121.0655165,38.1587385],[-121.0656023,38.1588355],[-121.065715,38.1588566]],[[-121.0680538,38.1584643],[-121.0680646,38.1583082],[-121.0679412,38.1583082],[-121.0677963,38.1583377],[-121.0677427,38.1583715],[-121.0677695,38.1584643],[-121.0680538,38.1584643]]],[[[-121.0726243,38.1613874],[-121.0725009,38.1613536],[-121.0723186,38.1614675],[-121.0722274,38.1613663],[-121.0722756,38.161206],[-121.0723883,38.1609656],[-121.0722917,38.1608559],[-121.0720557,38.1606745],[-121.0721844,38.1605859],[-121.0722595,38.1605058],[-121.0722971,38.1604341],[-121.072281,38.1602907],[-121.0722059,38.1602612],[-121.0719913,38.1602823],[-121.0717285,38.160413],[-121.0716426,38.1603371],[-121.0714388,38.1600714],[-121.0713154,38.1598605],[-121.0712081,38.1595272],[-121.0710526,38.1594471],[-121.0710686,38.1593838],[-121.0759395,38.1593501],[-121.0759395,38.1594682],[-121.0760093,38.1595441],[-121.0761917,38.1595652],[-121.0762721,38.1595188],[-121.0763258,38.1594302],[-121.0763097,38.159329],[-121.0777688,38.1593206],[-121.0777903,38.1602232],[-121.0776561,38.160316],[-121.0766798,38.1603287],[-121.0765564,38.1602907],[-121.0763955,38.1602907],[-121.0762775,38.1603076],[-121.0762882,38.1604299],[-121.076476,38.1604636],[-121.0765833,38.1604088],[-121.0775435,38.1604004],[-121.0777956,38.1606197],[-121.0778064,38.1615519],[-121.077345,38.1615561],[-121.0770178,38.1613958],[-121.0767496,38.1613789],[-121.0765243,38.1614295],[-121.0765189,38.161632],[-121.0769856,38.1616236],[-121.0772002,38.1617163],[-121.0771841,38.1618134],[-121.076889,38.1618091],[-121.076889,38.1619441],[-121.0769856,38.1620243],[-121.0769802,38.1625768],[-121.0738045,38.162619],[-121.0735792,38.1624376],[-121.0734826,38.1622605],[-121.073429,38.1620706],[-121.0735148,38.1619736],[-121.0735577,38.1618429],[-121.0735041,38.161729],[-121.0733002,38.1617163],[-121.0730803,38.1617838],[-121.0730052,38.1618977],[-121.0726994,38.1617838],[-121.072576,38.1616404],[-121.0726351,38.1615055],[-121.0726243,38.1613874]]]]}},{"type":"Feature","id":"581b7e44-1bb3-44ef-b8a1-8f6f00e14ae7","properties":{"field_id":"581b7e44-1bb3-44ef-b8a1-8f6f00e14ae7","legacy_id":44989053,"name":"98 Oaks B7 ME","farm_id":"3b84d960-ade6-418f-b6f3-3c2b2d36e42d","farm_name":"Clements","area_value":15.02,"area_unit":"hectare","centroid":[-121.06580737991113,38.160849221224325]},"geometry":{"type":"Polygon","coordinates":[[[-121.0681075,38.1593501],[-121.0681611,38.1593965],[-121.0681558,38.1595736],[-121.0681987,38.1596453],[-121.0684401,38.1596664],[-121.0684508,38.1605859],[-121.0682684,38.1606281],[-121.0682631,38.1607125],[-121.0683167,38.1608095],[-121.0684133,38.1608306],[-121.0684562,38.162619],[-121.0684294,38.1626738],[-121.0673457,38.1626696],[-121.0673082,38.1626316],[-121.0672224,38.1626316],[-121.0671258,38.1626738],[-121.0670131,38.1626822],[-121.0651463,38.162716],[-121.0651892,38.1626738],[-121.065495,38.1626569],[-121.0655326,38.1625684],[-121.0654896,38.1624924],[-121.0653073,38.1624629],[-121.0651356,38.1624629],[-121.0651195,38.1617923],[-121.0632741,38.1618218],[-121.0632366,38.1617627],[-121.0632044,38.1608179],[-121.0631347,38.1608053],[-121.0625982,38.1608095],[-121.0625553,38.16078],[-121.0625285,38.1606914],[-121.0625231,38.1605396],[-121.0628128,38.1605269],[-121.0628772,38.1604763],[-121.0628664,38.1603582],[-121.0628235,38.1602823],[-121.0626948,38.1602485],[-121.0625178,38.1602485],[-121.0625017,38.1594133],[-121.0636336,38.1594218],[-121.0636818,38.1595188],[-121.0639554,38.1595104],[-121.0640198,38.1593838],[-121.0681075,38.1593501]],[[-121.0638535,38.1606366],[-121.0636926,38.1607294],[-121.0636497,38.1608601],[-121.0635531,38.1609529],[-121.063655,38.1610373],[-121.0639715,38.161012],[-121.0641539,38.160936],[-121.0641646,38.1608559],[-121.0640842,38.1607294],[-121.0638535,38.1606366]],[[-121.0643202,38.1607884],[-121.0645133,38.1607842],[-121.0645509,38.1607083],[-121.0645616,38.1606028],[-121.0644382,38.1605775],[-121.0643041,38.1605902],[-121.0642129,38.1606577],[-121.0642129,38.1607378],[-121.0643202,38.1607884]],[[-121.0654521,38.1614675],[-121.0651892,38.1614675],[-121.0651356,38.1615519],[-121.0651249,38.1617163],[-121.0652697,38.1617543],[-121.0654467,38.1617585],[-121.0655433,38.1616615],[-121.0655165,38.1615139],[-121.0654521,38.1614675]],[[-121.0666269,38.1616742],[-121.0663801,38.1616784],[-121.0663211,38.1617332],[-121.0663372,38.161864],[-121.0666215,38.1618555],[-121.0666806,38.1617543],[-121.0666269,38.1616742]],[[-121.067276,38.1607462],[-121.0670561,38.1607758],[-121.0670561,38.160839],[-121.0670936,38.1609276],[-121.0672009,38.1609487],[-121.067673,38.1611807],[-121.0679144,38.1611638],[-121.0678768,38.1609951],[-121.067791,38.1609571],[-121.067673,38.1609403],[-121.067276,38.1607462]],[[-121.0678017,38.1616404],[-121.0675657,38.1616446],[-121.067512,38.1617206],[-121.0675067,38.1617965],[-121.0675764,38.1618893],[-121.0678339,38.1618851],[-121.0678875,38.1617838],[-121.06785,38.1616995],[-121.0678017,38.1616404]],[[-121.0682952,38.1600418],[-121.0681987,38.160025],[-121.0680807,38.1600334],[-121.0675871,38.1604383],[-121.0677159,38.1605817],[-121.0679519,38.1605902],[-121.0679626,38.1603371],[-121.0680538,38.1602865],[-121.068188,38.1602612],[-121.0683221,38.1601895],[-121.0682952,38.1600418]]]}},{"type":"Feature","id":"aa7b2beb-412d-42e4-9ed8-898a10f6e02b","properties":{"field_id":"aa7b2beb-412d-42e4-9ed8-898a10f6e02b","legacy_id":43566066,"name":"A&R Vineyard","farm_id":"d4258004-ca81-4d6a-9bc8-f4fe128e3f81","farm_name":"Lodi","area_value":14.84,"area_unit":"hectare","centroid":[-121.3307118331692,38.18645832488815]},"geometry":{"type":"MultiPolygon","coordinates":[[[[-121.3295501,38.1873475],[-121.326363,38.1873164],[-121.3263252,38.1863169],[-121.3263367,38.186304],[-121.3263718,38.1863034],[-121.3263701,38.1861803],[-121.3263695,38.1861661],[-121.3263316,38.186165],[-121.3263201,38.1861525],[-121.3262989,38.185543],[-121.3263154,38.1855339],[-121.3307455,38.1855759],[-121.3308093,38.187324],[-121.329567,38.1873202],[-121.3295652,38.1873406],[-121.3295501,38.1873475]]],[[[-121.3308685,38.1873183],[-121.3308136,38.1855876],[-121.3308223,38.1855753],[-121.3352883,38.1856213],[-121.3353113,38.1862992],[-121.3353323,38.1863042],[-121.3353373,38.1863269],[-121.3353575,38.1863302],[-121.3353644,38.1863546],[-121.3353887,38.1863637],[-121.3353853,38.1864613],[-121.334389,38.1864558],[-121.3343746,38.1864426],[-121.3343676,38.186236],[-121.3335542,38.186229],[-121.3335725,38.1867784],[-121.3343609,38.1867853],[-121.3343667,38.1867612],[-121.3344092,38.1867582],[-121.3344027,38.1865523],[-121.3344171,38.1865388],[-121.3353837,38.1865478],[-121.3353951,38.1865603],[-121.3354131,38.1873693],[-121.3308857,38.1873317],[-121.3308685,38.1873183]]]]}},{"type":"Feature","id":"901a965b-5909-4b39-b258-956d935cb0b4","properties":{"field_id":"901a965b-5909-4b39-b258-956d935cb0b4","legacy_id":45393015,"name":"Rose 2 MA","farm_id":"0317b659-6608-4de1-bd9e-0d76543cd754","farm_name":"Clements","area_value":13.77,"area_unit":"hectare","centroid":[-121.0729277380525,38.13911968224271]},"geometry":{"type":"Polygon","coordinates":[[[-121.071755,38.138822],[-121.077635,38.138835],[-121.077678,38.138869],[-121.077688,38.138919],[-121.077672,38.139784],[-121.077645,38.139928],[-121.077549,38.140122],[-121.077447,38.140164],[-121.070355,38.140236],[-121.070307,38.140084],[-121.069856,38.13921],[-121.070189,38.139139],[-121.070108,38.139016],[-121.069921,38.139046],[-121.069765,38.139054],[-121.069733,38.138793],[-121.069776,38.138696],[-121.069615,38.138485],[-121.069373,38.138303],[-121.06903,38.138113],[-121.068778,38.137865],[-121.06881,38.137396],[-121.071739,38.137362],[-121.071755,38.138822]]]}},{"type":"Feature","id":"e6c25202-94ef-4a91-8424-ed651fb8fb05","properties":{"field_id":"e6c25202-94ef-4a91-8424-ed651fb8fb05","legacy_id":45445298,"name":"Miller 3B and 4","farm_id":"927b6370-c1dc-480b-9ea3-9dff3d77d61f","farm_name":"Delta","area_value":22.23,"area_unit":"hectare","centroid":[-121.47274040926384,38.28935616960286]},"geometry":{"type":"Polygon","coordinates":[[[-121.470745,38.29189],[-121.470723,38.284353],[-121.472794,38.286871],[-121.476238,38.291158],[-121.47627,38.291806],[-121.476216,38.291915],[-121.470745,38.29189]]]}},{"type":"Feature","id":"55564eb0-15d8-4095-9bf4-17037b206a48","properties":{"field_id":"55564eb0-15d8-4095-9bf4-17037b206a48","legacy_id":45445299,"name":"Miller 9AB CH","farm_id":"927b6370-c1dc-480b-9ea3-9dff3d77d61f","farm_name":"Delta","area_value":13,"area_unit":"hectare","centroid":[-121.46808741761473,38.297405261121284]},"geometry":{"type":"MultiPolygon","coordinates":[[[[-121.465445,38.298778],[-121.465445,38.295722],[-121.465799,38.295646],[-121.466013,38.295688],[-121.466196,38.295856],[-121.466303,38.297961],[-121.466206,38.298601],[-121.466163,38.298736],[-121.465949,38.29877],[-121.465445,38.298778]]],[[[-121.466496,38.298778],[-121.466517,38.298222],[-121.466528,38.296126],[-121.47067,38.296117],[-121.47067,38.298736],[-121.466496,38.298778]]]]}},{"type":"Feature","id":"f26a3d42-b366-4234-8526-dec0c1f19b4f","properties":{"field_id":"f26a3d42-b366-4234-8526-dec0c1f19b4f","legacy_id":45445303,"name":"MIller 7-8 ME","farm_id":"927b6370-c1dc-480b-9ea3-9dff3d77d61f","farm_name":"Delta","area_value":33.97,"area_unit":"hectare","centroid":[-121.46803707134656,38.29262578120799]},"geometry":{"type":"Polygon","coordinates":[[[-121.470675,38.296071],[-121.467923,38.296096],[-121.467918,38.29602],[-121.467429,38.296029],[-121.467413,38.2961],[-121.466534,38.296109],[-121.46656,38.295924],[-121.466517,38.295696],[-121.466442,38.295616],[-121.466147,38.295427],[-121.465391,38.295141],[-121.465042,38.294968],[-121.464967,38.294863],[-121.464951,38.294707],[-121.464951,38.29432],[-121.465032,38.294189],[-121.465123,38.294105],[-121.465445,38.294096],[-121.465428,38.289204],[-121.470637,38.289158],[-121.470616,38.29069],[-121.469623,38.290694],[-121.469339,38.290648],[-121.469082,38.290631],[-121.469001,38.290648],[-121.468846,38.290791],[-121.468561,38.291103],[-121.468615,38.291187],[-121.468867,38.291393],[-121.469007,38.291461],[-121.469151,38.291473],[-121.469318,38.291423],[-121.469516,38.291208],[-121.469618,38.290947],[-121.469672,38.290766],[-121.47067,38.290749],[-121.470648,38.291469],[-121.47053,38.291473],[-121.470487,38.29152],[-121.470541,38.2916],[-121.47067,38.291617],[-121.470675,38.296071]]]}},{"type":"Feature","id":"b461fe42-c5b1-417b-bea4-83045c626998","properties":{"field_id":"b461fe42-c5b1-417b-bea4-83045c626998","legacy_id":45456667,"name":"Prince 16 CB","farm_id":"65c4537d-cd95-4825-b353-48dfa435b058","farm_name":"Delta","area_value":2.77,"area_unit":"hectare","centroid":[-121.52596725505614,38.31226065854154]},"geometry":{"type":"Polygon","coordinates":[[[-121.526642,38.313318],[-121.52529,38.313335],[-121.525322,38.311154],[-121.526631,38.311213],[-121.526642,38.313318]]]}},{"type":"Feature","id":"abb90aa5-76eb-4581-96a7-e84287485317","properties":{"field_id":"abb90aa5-76eb-4581-96a7-e84287485317","legacy_id":45547487,"name":"JW1 5 and 6 CH and KU","farm_id":"5edddc90-fa36-43b9-9b63-46b4efd17c7c","farm_name":"Lodi","area_value":8.39,"area_unit":"hectare","centroid":[-121.29953620977547,38.210040456423606]},"geometry":{"type":"Polygon","coordinates":[[[-121.296856,38.210804],[-121.29683,38.209267],[-121.2972,38.208512],[-121.297308,38.20839],[-121.297426,38.208415],[-121.298257,38.20879],[-121.298305,38.208892],[-121.298311,38.209401],[-121.298327,38.209545],[-121.298579,38.209667],[-121.298949,38.209726],[-121.299754,38.20976],[-121.299866,38.209827],[-121.300816,38.209806],[-121.301808,38.209473],[-121.3025,38.209469],[-121.30249,38.209414],[-121.301857,38.209418],[-121.301851,38.209359],[-121.302313,38.209347],[-121.302339,38.209187],[-121.302785,38.209178],[-121.302785,38.210809],[-121.302693,38.210838],[-121.297001,38.210859],[-121.296856,38.210804]],[[-121.297163,38.210746],[-121.297184,38.210796],[-121.297254,38.210822],[-121.29735,38.210801],[-121.297409,38.210746],[-121.297377,38.210687],[-121.297281,38.21064],[-121.297163,38.210674],[-121.297163,38.210746]]]}},{"type":"Feature","id":"240f5be6-24fd-4726-abad-694b3046f895","properties":{"field_id":"240f5be6-24fd-4726-abad-694b3046f895","legacy_id":44217651,"name":"MJ B2 PG","farm_id":"95f9ca02-bc3f-4466-b40b-6177ad155bd4","farm_name":"Delta","area_value":17.62,"area_unit":"hectare","centroid":[-121.50377579017866,38.280776539284076]},"geometry":{"type":"Polygon","coordinates":[[[-121.502384,38.278913],[-121.505088,38.278946],[-121.506332,38.280825],[-121.506375,38.283924],[-121.505388,38.283915],[-121.504433,38.282922],[-121.502545,38.281103],[-121.501772,38.280631],[-121.501343,38.280437],[-121.500657,38.28026],[-121.499916,38.279966],[-121.499691,38.279738],[-121.499551,38.279519],[-121.499519,38.279149],[-121.49953,38.278879],[-121.502384,38.278913]]]}},{"type":"Feature","id":"87c075ac-9b97-414d-a81e-df88393fba41","properties":{"field_id":"87c075ac-9b97-414d-a81e-df88393fba41","legacy_id":45687110,"name":"3 Oaks CS","farm_id":"b6865226-10cd-4342-8241-5de32320bd67","farm_name":"Clements","area_value":41.82,"area_unit":"hectare","centroid":[-121.09188356567704,38.13530497642521]},"geometry":{"type":"MultiPolygon","coordinates":[[[[-121.087511,38.132784],[-121.093926,38.132708],[-121.093937,38.133097],[-121.094173,38.133544],[-121.094345,38.133814],[-121.094463,38.134076],[-121.094484,38.134236],[-121.094484,38.134708],[-121.094549,38.134987],[-121.094538,38.135282],[-121.094613,38.135519],[-121.09471,38.135763],[-121.094999,38.136016],[-121.095772,38.136472],[-121.096104,38.136565],[-121.096233,38.1367],[-121.096244,38.138236],[-121.090397,38.138278],[-121.091158,38.137603],[-121.091137,38.13751],[-121.090965,38.137392],[-121.090268,38.137038],[-121.090032,38.136979],[-121.088283,38.137046],[-121.088058,38.137004],[-121.087618,38.137004],[-121.087382,38.136911],[-121.08736,38.136641],[-121.087242,38.13659],[-121.087275,38.132877],[-121.087511,38.132784]]],[[[-121.094624,38.132616],[-121.09619,38.132599],[-121.096212,38.135957],[-121.096008,38.135924],[-121.095643,38.135806],[-121.095289,38.135662],[-121.095053,38.13546],[-121.094956,38.135189],[-121.094978,38.134101],[-121.094903,38.133898],[-121.094624,38.133595],[-121.094409,38.133114],[-121.094398,38.132978],[-121.094624,38.132616]]]]}},{"type":"Feature","id":"6525e0bf-34ad-4c12-a68a-8793370ec59e","properties":{"field_id":"6525e0bf-34ad-4c12-a68a-8793370ec59e","legacy_id":45687116,"name":"Paddy Creek 7 CS","farm_id":"31e72a6f-bae2-4a48-9875-165ab1615cfb","farm_name":"Clements","area_value":34.24,"area_unit":"hectare","centroid":[-121.14662290409973,38.1086247335451]},"geometry":{"type":"Polygon","coordinates":[[[-121.142582,38.106391],[-121.150564,38.106374],[-121.150542,38.111025],[-121.150349,38.111228],[-121.149223,38.111667],[-121.148826,38.111667],[-121.14801,38.110552],[-121.147474,38.110265],[-121.146981,38.110021],[-121.146498,38.109945],[-121.146004,38.109961],[-121.144942,38.110367],[-121.1427,38.111582],[-121.142539,38.111565],[-121.142582,38.106391]]]}},{"type":"Feature","id":"8c37b525-3c64-4023-8a01-519f9710d32d","properties":{"field_id":"8c37b525-3c64-4023-8a01-519f9710d32d","legacy_id":45687884,"name":"Betsy Rose","farm_id":"f70b6470-538f-41d5-a69f-dfbaa6cc2735","farm_name":"Clements","area_value":34.39,"area_unit":"hectare","centroid":[-121.05930479002329,38.209151457675276]},"geometry":{"type":"MultiPolygon","coordinates":[[[[-121.056107,38.210527],[-121.059315,38.211994],[-121.059219,38.212146],[-121.058929,38.212381],[-121.058618,38.212845],[-121.058414,38.213106],[-121.057824,38.21362],[-121.057491,38.214084],[-121.05673,38.214404],[-121.056569,38.21464],[-121.056225,38.214716],[-121.056011,38.21464],[-121.055957,38.214362],[-121.056451,38.213519],[-121.056451,38.213325],[-121.055936,38.213089],[-121.0563,38.212752],[-121.0563,38.212592],[-121.056097,38.212432],[-121.055882,38.212449],[-121.055528,38.212896],[-121.055238,38.212896],[-121.054895,38.212845],[-121.054906,38.212643],[-121.05541,38.21223],[-121.055346,38.21164],[-121.055582,38.211412],[-121.055871,38.2111],[-121.055871,38.210864],[-121.056107,38.210527]]],[[[-121.061729,38.208488],[-121.06041,38.210308],[-121.059884,38.211067],[-121.059616,38.211615],[-121.05938,38.211935],[-121.056236,38.210426],[-121.056601,38.210123],[-121.056772,38.209811],[-121.056869,38.209457],[-121.05688,38.209238],[-121.057202,38.208614],[-121.057459,38.208058],[-121.057566,38.207695],[-121.057824,38.207358],[-121.058478,38.207021],[-121.061729,38.208488]]],[[[-121.062577,38.204602],[-121.062963,38.204768],[-121.063274,38.205089],[-121.063671,38.205729],[-121.063607,38.2061],[-121.063521,38.206935],[-121.061826,38.208444],[-121.060109,38.207635],[-121.060249,38.207407],[-121.060098,38.207264],[-121.059819,38.20751],[-121.058564,38.20692],[-121.058704,38.206692],[-121.059026,38.206338],[-121.059176,38.206296],[-121.059594,38.206237],[-121.05983,38.206018],[-121.060141,38.206195],[-121.060238,38.206406],[-121.060356,38.206237],[-121.060399,38.20606],[-121.060259,38.205984],[-121.060141,38.206069],[-121.060023,38.206043],[-121.059755,38.205816],[-121.059659,38.205622],[-121.060131,38.205361],[-121.060345,38.205108],[-121.060731,38.204906],[-121.061118,38.204813],[-121.061525,38.204788],[-121.062115,38.204695],[-121.062577,38.204602]]]]}},{"type":"Feature","id":"c688b36f-21f4-4c5e-a55b-af3880055a2f","properties":{"field_id":"c688b36f-21f4-4c5e-a55b-af3880055a2f","legacy_id":44976800,"name":"Rose 2 CH","farm_id":"0317b659-6608-4de1-bd9e-0d76543cd754","farm_name":"Clements","area_value":16.54,"area_unit":"hectare","centroid":[-121.07254892916716,38.13559929521965]},"geometry":{"type":"Polygon","coordinates":[[[-121.071793,38.137352],[-121.06881,38.137377],[-121.068799,38.134556],[-121.074185,38.134539],[-121.077747,38.134497],[-121.077747,38.135917],[-121.071782,38.136027],[-121.071793,38.137352]]]}}]}
